{L5I1-J4SL77RX-4084NOEZ},01/05/2010 08:47:23,MLM0950,PC-9787,Connect
{T0Y3-Q7DO26NX-7736KXRF},01/05/2010 09:22:51,MLM0950,PC-9787,Disconnect
{Z8D4-Y2KQ38OI-8356SDGR},01/05/2010 14:48:21,MLM0950,PC-9787,Connect
{Q6D3-D5GO88DL-9855WLCK},01/05/2010 15:05:33,MLM0950,PC-9787,Disconnect
{U1U8-H5RO37CG-8498UYLL},01/06/2010 10:44:17,MLM0950,PC-9787,Connect
{S5I8-M1QX53LO-9552FGJH},01/06/2010 10:50:26,MLM0950,PC-9787,Disconnect
{P4L2-H8CN34SR-8172ZAYR},01/06/2010 10:58:43,MLM0950,PC-9787,Connect
{E3D9-T7KX23OD-3939YGUM},01/06/2010 11:28:06,MLM0950,PC-9787,Disconnect
{S5D6-J6CK68PN-9506JCUK},01/07/2010 07:21:26,MLM0950,PC-9787,Connect
{F3E6-A8KN45NQ-7456IRPU},01/07/2010 08:24:07,MLM0950,PC-9787,Disconnect
{P5P7-T1VM98FP-8540HXHB},01/07/2010 10:19:54,MLM0950,PC-9787,Connect
{W5E6-T8CD62GF-1205LMXO},01/07/2010 11:43:12,MLM0950,PC-9787,Disconnect
{E1R9-Q1CI11OS-6393CBIG},01/08/2010 07:23:20,MLM0950,PC-9787,Connect
{B9E2-Z0ES32BU-6450CZWL},01/08/2010 07:33:29,MLM0950,PC-9787,Disconnect
{Y2F6-R7SA81VS-7268VSCS},01/08/2010 21:11:24,MLM0950,PC-9787,Connect
{R5M2-M8GN32ES-4418PYZP},01/08/2010 21:48:24,MLM0950,PC-9787,Disconnect
{K9D0-D2TA76PI-6993OXGC},01/09/2010 09:08:08,MLM0950,PC-9787,Connect
{I0V2-Y9ZV86WQ-5255BFJX},01/09/2010 09:20:33,MLM0950,PC-9787,Disconnect
{P3W3-S6DS24FH-4004GATW},01/09/2010 10:29:55,MLM0950,PC-9787,Connect
{U5R6-M2XD04FC-6026FBUN},01/09/2010 10:40:16,MLM0950,PC-9787,Disconnect
{K6R1-W8GF98HQ-2088DDCI},01/09/2010 12:11:51,MLM0950,PC-9787,Connect
{N2T2-U9YN58LI-4417BFAN},01/09/2010 12:18:34,MLM0950,PC-9787,Disconnect
{K5V3-N8RY18AW-9870PEKC},01/09/2010 14:05:22,MLM0950,PC-9787,Connect
{O7R6-R8WF60FM-1059HJTQ},01/09/2010 14:35:15,MLM0950,PC-9787,Disconnect
{I7Z6-J6OA73NO-4849XRCS},01/09/2010 15:36:43,MLM0950,PC-9787,Connect
{J7G5-C1AK57BD-6648KIWQ},01/09/2010 15:45:37,MLM0950,PC-9787,Disconnect
{U8J7-Q8EY35JC-1675ZNHW},01/10/2010 11:52:37,MLM0950,PC-9787,Connect
{T1M4-T1AP49KO-1857KHSK},01/10/2010 12:11:35,MLM0950,PC-9787,Disconnect
{J7H5-W0XP33LX-3197VVIB},01/10/2010 12:31:34,MLM0950,PC-9787,Connect
{T6D4-A5EL43SP-3426IXJU},01/10/2010 12:59:18,MLM0950,PC-9787,Disconnect
{Z3P1-M6DZ99LV-1048RBEF},01/10/2010 15:50:40,MLM0950,PC-9787,Connect
{A8B2-J7JQ00MO-7061RCSR},01/10/2010 16:00:46,MLM0950,PC-9787,Disconnect
{W9P1-E0XM60KP-6506QGMH},01/11/2010 07:53:17,MLM0950,PC-9787,Connect
{C3K4-C8GA92MB-3397MJVA},01/11/2010 07:55:28,MLM0950,PC-9787,Disconnect
{W6Y8-M8XK09FC-5316MVMV},01/11/2010 08:30:54,MLM0950,PC-9787,Connect
{D6Q6-J9NO08GW-2898TVRN},01/11/2010 08:40:21,MLM0950,PC-9787,Disconnect
{K6P5-Y2JU62OH-7760KIRH},01/11/2010 12:50:01,MLM0950,PC-9787,Connect
{Y6C7-M8XK23PG-0538NLFJ},01/11/2010 13:20:59,MLM0950,PC-9787,Disconnect
{Z8D1-U7VF52SA-7425AFWC},01/12/2010 09:35:27,MLM0950,PC-9787,Connect
{W6R6-B2WI99JD-7211KJMZ},01/12/2010 09:37:39,MLM0950,PC-9787,Disconnect
{N2V1-P9MU93GU-8629NYCC},01/12/2010 11:52:03,MLM0950,PC-9787,Connect
{R1C5-A9VN84JP-5926JJBN},01/12/2010 11:52:05,MLM0950,PC-9787,Disconnect
{I8Z8-P8UI70LS-9979MNPS},01/12/2010 13:22:54,MLM0950,PC-9787,Connect
{N1L9-E7DK19ZS-4059OQPH},01/14/2010 09:19:10,MLM0950,PC-9787,Connect
{D4X7-I7IJ94OM-6260YVWN},01/14/2010 09:23:40,MLM0950,PC-9787,Disconnect
{A4A9-B7MB82WS-9428YNHT},01/14/2010 10:33:48,MLM0950,PC-9787,Connect
{V6F6-A0NR49FE-3528LRRG},01/14/2010 12:08:56,MLM0950,PC-9787,Disconnect
{N9G9-B1AB30FV-3770TZOZ},01/15/2010 11:58:09,MLM0950,PC-9787,Connect
{S3O5-X9GC47JA-6011ZISN},01/15/2010 12:51:06,MLM0950,PC-9787,Disconnect
{G2K1-N5GP12NT-5351NLHU},01/15/2010 15:06:25,MLM0950,PC-9787,Connect
{I3D7-T6HL87KQ-8344UKNE},01/15/2010 15:23:16,MLM0950,PC-9787,Disconnect
{W4P1-I9GK01XI-5520LMEK},01/18/2010 13:32:46,MLM0950,PC-9787,Connect
{I5W1-T9YK91IZ-4334USIT},01/18/2010 14:01:44,MLM0950,PC-9787,Disconnect
{N7R3-L7XM78ZN-5193XUCJ},01/18/2010 14:15:34,MLM0950,PC-9787,Connect
{E6P7-Y8JW99RE-3167LBUI},01/18/2010 14:36:24,MLM0950,PC-9787,Disconnect
{F4T9-J0IM68ZZ-8360RNAP},01/19/2010 07:26:25,MLM0950,PC-9787,Connect
{W4Z7-K2VC52FY-2922VQWB},01/19/2010 08:08:28,MLM0950,PC-9787,Disconnect
{N0I9-G1PZ46BW-8186TWLE},01/19/2010 10:12:40,MLM0950,PC-9787,Connect
{W8G0-U1SU95DT-3955FCWG},01/19/2010 10:32:16,MLM0950,PC-9787,Disconnect
{S0B8-S9HK18NF-4917DLLT},01/19/2010 15:16:19,MLM0950,PC-9787,Connect
{N4U9-L7ZJ35UI-9656JHEJ},01/19/2010 15:21:53,MLM0950,PC-9787,Disconnect
{X4P7-D1NR59MS-5624HGRF},01/20/2010 09:16:35,MLM0950,PC-9787,Connect
{R7A4-U4BX26WO-9431DYKT},01/20/2010 09:54:34,MLM0950,PC-9787,Disconnect
{F5B9-O6WL13MP-7752VNGY},01/20/2010 10:40:42,MLM0950,PC-9787,Connect
{U3C6-K7FC93EO-4970ZJFZ},01/20/2010 10:59:55,MLM0950,PC-9787,Disconnect
{N7F4-H6PK10EX-5063IYQT},01/20/2010 12:32:53,MLM0950,PC-9787,Connect
{W4Y0-G3NY37PU-4559HEJB},01/20/2010 13:19:56,MLM0950,PC-9787,Disconnect
{J3Y8-E3EW24ZE-8155OKIP},01/21/2010 07:40:27,MLM0950,PC-9787,Connect
{C0A3-M3EE90JR-8053YIUL},01/21/2010 07:47:10,MLM0950,PC-9787,Disconnect
{Z9S3-I8AO34AE-8934XXWN},01/22/2010 11:42:44,MLM0950,PC-9787,Connect
{V1B7-L4NP30ME-3875PNMM},01/22/2010 14:15:09,MLM0950,PC-9787,Disconnect
{X1S4-M3LL77GK-4830BXMA},01/22/2010 15:37:28,MLM0950,PC-9787,Connect
{T5J5-K6BK83LT-3011DPXD},01/22/2010 15:55:03,MLM0950,PC-9787,Disconnect
{N9O3-R0VS16AC-5621ATLJ},01/24/2010 10:41:43,MLM0950,PC-9787,Connect
{B5F1-Z7WY84RX-2822PBZA},01/24/2010 11:06:27,MLM0950,PC-9787,Disconnect
{U5D7-A3VP99HA-9169DZLP},01/24/2010 11:39:02,MLM0950,PC-9787,Connect
{U0V6-E1QE36BG-8930LSXV},01/24/2010 12:02:25,MLM0950,PC-9787,Disconnect
{W6I7-G0MY89KF-1732KAED},01/24/2010 12:31:41,MLM0950,PC-9787,Connect
{I8Y3-J3TL19VI-3124BUSB},01/24/2010 12:47:38,MLM0950,PC-9787,Disconnect
{S5S2-X9JV71NG-0795XHTO},01/25/2010 13:19:39,MLM0950,PC-9787,Connect
{C6L8-L0HJ97RC-8994LAHL},01/25/2010 13:35:33,MLM0950,PC-9787,Disconnect
{C7W4-B1IF50XF-7075HMUX},01/25/2010 13:57:15,MLM0950,PC-9787,Connect
{F5J1-V4ZP35FM-9203QHRX},01/25/2010 14:04:40,MLM0950,PC-9787,Disconnect
{L9W6-H3HA78SU-2469XDTB},01/26/2010 07:55:25,MLM0950,PC-9787,Connect
{F4T7-A1KH00QN-3792DDPA},01/26/2010 08:51:59,MLM0950,PC-9787,Disconnect
{X2F9-J5RX13VJ-3005ZBZF},01/26/2010 11:29:50,MLM0950,PC-9787,Connect
{N2A8-Q1ZA75VW-8491LCHC},01/26/2010 12:25:12,MLM0950,PC-9787,Disconnect
{N2J7-Y7BO62TV-4909VEBX},01/27/2010 07:48:16,MLM0950,PC-9787,Connect
{M0X0-L9RL26DJ-0383BGSP},01/27/2010 07:58:17,MLM0950,PC-9787,Disconnect
{S7J0-U2NJ71MT-9233KDZK},01/27/2010 13:39:28,MLM0950,PC-9787,Connect
{Y4V9-W9FZ82KD-2638DOJA},01/27/2010 14:14:09,MLM0950,PC-9787,Disconnect
{P0R7-H8RB14ZY-5044ASRK},01/28/2010 09:27:00,MLM0950,PC-9787,Connect
{X9K9-C5RP81IW-4466PQVV},01/28/2010 10:28:46,MLM0950,PC-9787,Disconnect
{Z6Y2-B1RI53IG-4754XMSR},01/28/2010 10:48:15,MLM0950,PC-9787,Connect
{W5Y0-B5MX13NO-0201BORF},01/28/2010 11:27:45,MLM0950,PC-9787,Disconnect
{I6N7-I8VK87JR-6270PUPI},01/29/2010 10:58:08,MLM0950,PC-9787,Connect
{S6J9-H4XL98VD-2433TDKH},01/29/2010 11:24:28,MLM0950,PC-9787,Disconnect
{N6G5-F7UA45YA-3766QRWY},01/29/2010 14:49:10,MLM0950,PC-9787,Connect
{T3Z4-E4GY87PW-2975NYCE},01/29/2010 14:49:24,MLM0950,PC-9787,Disconnect
{I7L9-A1PL44DV-8315TXJE},01/31/2010 14:39:16,MLM0950,PC-9787,Connect
{V7B7-J2WW50QV-0495PSTD},01/31/2010 15:05:23,MLM0950,PC-9787,Disconnect
{O0F7-Q9WS62HC-8384BPBT},01/31/2010 15:49:20,MLM0950,PC-9787,Connect
{S5Z5-U8TB76MH-0445JUVJ},01/31/2010 15:50:59,MLM0950,PC-9787,Disconnect
{U4U4-Q3FE80LE-4392YZHN},02/01/2010 07:46:15,MLM0950,PC-9787,Connect
{V5T8-G1CW26XM-2385ZXSM},02/01/2010 07:49:02,MLM0950,PC-9787,Disconnect
{H9S6-B0RZ53ZI-8019QZCR},02/01/2010 12:50:30,MLM0950,PC-9787,Connect
{C3L7-T6SK36QR-4841VOSN},02/01/2010 12:54:24,MLM0950,PC-9787,Disconnect
{Y1S0-U5AL95TT-6086DYSQ},02/01/2010 13:59:53,MLM0950,PC-9787,Connect
{H5E6-V2TR47HG-6768SEIK},02/01/2010 14:29:39,MLM0950,PC-9787,Disconnect
{F4T2-A9SF13SM-8458HGIY},02/02/2010 14:59:06,MLM0950,PC-9787,Connect
{Z8U0-C7KT55CE-4013LUCO},02/02/2010 15:36:22,MLM0950,PC-9787,Disconnect
{M9W9-M9MU03PC-1663BKHO},02/03/2010 12:15:35,MLM0950,PC-9787,Connect
{T1M7-O5KY94NA-2442BUGJ},02/03/2010 12:29:41,MLM0950,PC-9787,Disconnect
{Y3V9-I7AY83EY-5603TYUQ},02/03/2010 14:08:10,MLM0950,PC-9787,Connect
{J0Y8-H1BC31FD-4382QEVL},02/03/2010 14:27:10,MLM0950,PC-9787,Disconnect
{D1I5-R5JV23BA-5967UCYN},02/04/2010 08:48:37,MLM0950,PC-9787,Connect
{D3V2-L7KB75ET-7528XISN},02/04/2010 09:49:32,MLM0950,PC-9787,Disconnect
{D7D7-X6VT34SZ-0342AQHB},02/04/2010 14:35:12,MLM0950,PC-9787,Connect
{U2A2-G3CG95GX-1703BREB},02/04/2010 14:43:18,MLM0950,PC-9787,Disconnect
{I0S6-F3BG81OM-0791KACG},02/05/2010 08:09:41,MLM0950,PC-9787,Connect
{R4U1-T4LW26QQ-3991KWRB},02/05/2010 08:20:48,MLM0950,PC-9787,Disconnect
{S1U5-L3RC06YN-6222WEZI},02/08/2010 08:43:19,MLM0950,PC-9787,Connect
{P1H0-T8LM29CK-5702TPZP},02/09/2010 12:51:01,MLM0950,PC-9787,Connect
{H5O7-V4FI77QK-1330PADW},02/09/2010 15:06:25,MLM0950,PC-9787,Disconnect
{X4U5-E8VZ92IS-3069BDPA},02/10/2010 15:29:38,MLM0950,PC-9787,Connect
{K0N0-X4AW71OG-0476AHNR},02/10/2010 15:37:56,MLM0950,PC-9787,Disconnect
{K4I3-H5JL71FU-4583EZOH},02/11/2010 07:16:50,MLM0950,PC-9787,Connect
{E4U0-Y6CO62EE-3844BYBD},02/11/2010 07:31:16,MLM0950,PC-9787,Disconnect
{C9H4-H3PM32XA-3562KVUJ},02/11/2010 13:21:58,MLM0950,PC-9787,Connect
{B0K6-D3CI91CY-2058BGCL},02/11/2010 13:54:11,MLM0950,PC-9787,Disconnect
{B0I8-D7WJ37JF-4915BRSV},02/12/2010 07:56:51,MLM0950,PC-9787,Connect
{U5Q2-A4CA28KX-5538RKXU},02/12/2010 08:25:32,MLM0950,PC-9787,Disconnect
{A3K7-T4RJ53XW-3624BGAB},02/12/2010 08:39:34,MLM0950,PC-9787,Connect
{X1Y4-K4GR72BF-3962YSTM},02/12/2010 08:42:45,MLM0950,PC-9787,Disconnect
{U0L4-Q4YQ67CT-6753HCMP},02/12/2010 14:36:57,MLM0950,PC-9787,Connect
{R7A1-J1PC62QD-5045PQSQ},02/12/2010 14:53:16,MLM0950,PC-9787,Disconnect
{W6F8-F5GD08ZB-4471YXLQ},02/13/2010 13:50:56,MLM0950,PC-9787,Connect
{X7X2-F9OW40YU-2420ZVNV},02/13/2010 13:55:17,MLM0950,PC-9787,Disconnect
{N1W2-M0QJ80NM-9078OZZR},02/13/2010 14:34:23,MLM0950,PC-9787,Connect
{L3M6-U8CQ82PE-5377TONA},02/13/2010 14:39:04,MLM0950,PC-9787,Disconnect
{E3E2-U1VY79TR-7153VHWW},02/14/2010 10:48:48,MLM0950,PC-9787,Connect
{B2D1-T7NZ79DQ-5115NZNH},02/14/2010 11:15:24,MLM0950,PC-9787,Disconnect
{U9P3-P2VU85ZY-3650OKEG},02/14/2010 12:37:00,MLM0950,PC-9787,Connect
{A7D9-I6ST65LL-9048YPXC},02/14/2010 13:08:45,MLM0950,PC-9787,Disconnect
{V1H7-F9SQ85LU-9203QMRS},02/15/2010 11:22:17,MLM0950,PC-9787,Connect
{T2Z3-K3HN04TN-1687PYUE},02/15/2010 11:25:24,MLM0950,PC-9787,Disconnect
{Y8V8-W0PJ86OD-6759FHPG},02/15/2010 11:29:28,MLM0950,PC-9787,Connect
{E4P1-M9UD39JY-7076ETGE},02/15/2010 11:33:16,MLM0950,PC-9787,Disconnect
{W2G9-K6GC56DJ-3069GGXM},02/15/2010 11:52:32,MLM0950,PC-9787,Connect
{P1U5-X7HK51ZL-6068FODU},02/15/2010 12:07:46,MLM0950,PC-9787,Disconnect
{V3D1-C3GL48UG-6884KZQE},02/16/2010 10:39:33,MLM0950,PC-9787,Connect
{N1Z1-Q3GN70AV-8511XGWY},02/16/2010 11:39:39,MLM0950,PC-9787,Disconnect
{R1A1-B8FE74JD-9014HMIN},02/17/2010 08:06:53,MLM0950,PC-9787,Connect
{M2P1-O1EU30BV-4595ZZER},02/17/2010 08:11:44,MLM0950,PC-9787,Disconnect
{C7A9-T4SY01IM-0246HOIO},02/17/2010 14:22:43,MLM0950,PC-9787,Connect
{L0U0-Z1KK53GP-6859HVND},02/17/2010 14:54:18,MLM0950,PC-9787,Disconnect
{T3Q5-Q8DY89UC-0674KUWF},02/18/2010 07:22:20,MLM0950,PC-9787,Connect
{C1B3-G9AY89IC-0494UFAM},02/18/2010 08:00:55,MLM0950,PC-9787,Disconnect
{J5S2-J5KJ32QC-8413WJSG},02/18/2010 12:14:15,MLM0950,PC-9787,Connect
{Q4L4-C4RV19HV-8186KGJL},02/18/2010 12:43:18,MLM0950,PC-9787,Disconnect
{G7C9-F0FP35PF-9868QZQW},02/19/2010 13:09:35,MLM0950,PC-9787,Connect
{O8G5-T4JJ01JC-9073KNXW},02/19/2010 13:53:03,MLM0950,PC-9787,Disconnect
{S1D9-F1JC20PQ-4986EZGM},02/22/2010 13:04:42,MLM0950,PC-9787,Connect
{Z6O1-Z5HI06AE-1768NMYE},02/22/2010 13:29:34,MLM0950,PC-9787,Disconnect
{C3P5-J4KX42WS-5765ORNH},02/23/2010 07:55:19,MLM0950,PC-9787,Connect
{S3N5-D3SN01LO-2194RDGR},02/23/2010 08:00:12,MLM0950,PC-9787,Disconnect
{V6I1-W4NJ61LU-6426YJVK},02/23/2010 08:53:18,MLM0950,PC-9787,Connect
{K7D4-N5SQ79TL-3018CVEH},02/23/2010 09:12:49,MLM0950,PC-9787,Disconnect
{N9A6-F1CT50FR-6395RLSF},02/23/2010 11:33:49,MLM0950,PC-9787,Connect
{D3X0-K2LM51RY-1113CHRL},02/23/2010 12:08:13,MLM0950,PC-9787,Disconnect
{Z0P0-B9HD37WQ-4069EKNQ},02/24/2010 07:30:04,MLM0950,PC-9787,Connect
{A7W2-T0UQ52LV-9187HBSP},02/24/2010 09:09:28,MLM0950,PC-9787,Disconnect
{L3K2-B2MO33XB-9656GLWX},02/24/2010 13:31:54,MLM0950,PC-9787,Connect
{J2A5-O1WX53WF-6100QZPQ},02/24/2010 13:32:19,MLM0950,PC-9787,Disconnect
{H3F2-O8PJ04FF-8936WIFX},02/25/2010 09:04:21,MLM0950,PC-9787,Connect
{H3F9-W0YA91NE-9385WPZB},02/25/2010 09:12:03,MLM0950,PC-9787,Disconnect
{W6H5-Q6HO08CU-8077FJHG},02/25/2010 12:48:23,MLM0950,PC-9787,Connect
{C9Z1-X9CI18QU-3958NZXV},02/25/2010 13:08:16,MLM0950,PC-9787,Disconnect
{J5H3-C8CC02PO-8345ONLL},02/25/2010 14:30:12,MLM0950,PC-9787,Connect
{D9V9-S7EB75FX-9540LKFL},02/25/2010 14:40:29,MLM0950,PC-9787,Disconnect
{D3E7-O3ZQ36WJ-3221VWIL},02/26/2010 09:47:06,MLM0950,PC-9787,Connect
{O1W5-N3YQ30FG-7716ZVKZ},02/26/2010 09:51:33,MLM0950,PC-9787,Disconnect
{F8S3-L6VC78AH-8627WRUH},02/26/2010 10:03:52,MLM0950,PC-9787,Connect
{I6H6-K6OT71VN-4075RSLH},02/26/2010 10:08:08,MLM0950,PC-9787,Disconnect
{W3G5-F3LV45FD-5856XCRC},02/26/2010 12:19:17,MLM0950,PC-9787,Connect
{X4T8-H8UI42KP-4878PNTQ},02/26/2010 12:24:47,MLM0950,PC-9787,Disconnect
{T1L7-E9IZ46UP-0797XIHW},03/01/2010 07:54:52,MLM0950,PC-9787,Connect
{Y9W1-N9XK15MI-0914XDOK},03/01/2010 08:07:22,MLM0950,PC-9787,Disconnect
{L2N0-E5IN09XC-6795AQNC},03/01/2010 13:16:57,MLM0950,PC-9787,Connect
{S5L6-X6HG25GS-8553TMGZ},03/01/2010 13:37:58,MLM0950,PC-9787,Disconnect
{A2V0-I3BW47RP-1513HRIB},03/02/2010 10:13:30,MLM0950,PC-9787,Connect
{O0E8-O7QX70ZH-2262SGCH},03/02/2010 11:18:51,MLM0950,PC-9787,Disconnect
{W5U6-T2BW57NV-9634BFKS},03/02/2010 13:35:50,MLM0950,PC-9787,Connect
{T0W1-Y8HI11NC-6239WEDS},03/02/2010 14:55:56,MLM0950,PC-9787,Disconnect
{I0R4-J8AK06NK-7528SBBS},03/03/2010 07:32:42,MLM0950,PC-9787,Connect
{K6I0-H4XU90HV-0887OLXJ},03/03/2010 07:39:46,MLM0950,PC-9787,Disconnect
{K7B9-X9VV60AL-6492QXFB},03/03/2010 15:08:04,MLM0950,PC-9787,Connect
{J7X4-M4RV72IP-0283GLJM},03/03/2010 15:28:25,MLM0950,PC-9787,Disconnect
{W5W5-Z9JV82WJ-8384RIGL},03/04/2010 07:03:39,MLM0950,PC-9787,Connect
{W6V9-U4FX67TV-5425TTNJ},03/04/2010 08:14:38,MLM0950,PC-9787,Disconnect
{J5E0-K4NO51QF-9662JCNV},03/04/2010 09:28:31,MLM0950,PC-9787,Connect
{F0Y6-X9DG47HH-4448NQVE},03/04/2010 09:33:00,MLM0950,PC-9787,Disconnect
{L0L5-Q7KD12KF-2037KLJB},03/04/2010 14:47:20,MLM0950,PC-9787,Connect
{T2J3-S0NZ74JC-2533NAET},03/04/2010 15:20:01,MLM0950,PC-9787,Disconnect
{Q9B3-L3AT07JD-3819RPWA},03/04/2010 15:55:26,MLM0950,PC-9787,Connect
{H2Z6-F6DX10VY-6959RPES},03/04/2010 16:17:05,MLM0950,PC-9787,Disconnect
{Y7Q2-F2YU46WQ-6670DBQN},03/05/2010 08:02:45,MLM0950,PC-9787,Connect
{P9T6-A8UJ79IS-4227HJFO},03/05/2010 08:32:20,MLM0950,PC-9787,Disconnect
{F3W1-G5EL05JP-3059QTMH},03/05/2010 13:31:47,MLM0950,PC-9787,Connect
{D4K2-Y4XW09QQ-1222GTUP},03/05/2010 13:50:00,MLM0950,PC-9787,Disconnect
{Z1P6-D8BK76HT-4076WNUR},03/05/2010 14:30:52,MLM0950,PC-9787,Connect
{B7K2-K9RG96ZW-9449GTNX},03/05/2010 14:42:10,MLM0950,PC-9787,Disconnect
{Q2I7-F1JK85QH-9267FKHW},03/06/2010 07:35:50,MLM0950,PC-9787,Connect
{R4B5-H9AJ30YR-7361AIJV},03/06/2010 07:36:26,MLM0950,PC-9787,Disconnect
{R0O0-W4SC52VE-8805YMGC},03/06/2010 13:08:15,MLM0950,PC-9787,Connect
{R5Y7-U1CV27FT-0136TDCA},03/06/2010 13:31:13,MLM0950,PC-9787,Disconnect
{Y9I6-B8YQ91VX-6717JHQA},03/06/2010 14:34:10,MLM0950,PC-9787,Connect
{J9F9-W5YO59CI-0546KAUS},03/06/2010 14:45:58,MLM0950,PC-9787,Disconnect
{N7G9-A1AV42XX-0940MBMK},03/06/2010 15:44:12,MLM0950,PC-9787,Connect
{I7A5-W1TR86UQ-5864KECQ},03/06/2010 15:51:56,MLM0950,PC-9787,Disconnect
{G6Y4-X3UM57AH-9949HECK},03/07/2010 08:46:06,MLM0950,PC-9787,Connect
{X6Z9-P2WF20DE-8685FRWX},03/07/2010 09:04:00,MLM0950,PC-9787,Disconnect
{L5V8-N8IE66FY-9393RSBV},03/07/2010 12:06:05,MLM0950,PC-9787,Connect
{V1R7-J8MJ86GX-7368GKPS},03/07/2010 12:13:25,MLM0950,PC-9787,Disconnect
{S7W7-W7VM71YG-8833YYCT},03/09/2010 09:11:37,MLM0950,PC-9787,Connect
{W2D1-L2UM94EM-2837OBRK},03/09/2010 09:22:02,MLM0950,PC-9787,Disconnect
{J2B8-K3QC59XC-2082EVQY},03/09/2010 14:33:31,MLM0950,PC-9787,Connect
{M7Q7-Q3NG96CF-2775QVEG},03/09/2010 16:02:25,MLM0950,PC-9787,Disconnect
{A4O5-N0NR61KY-3427AARR},03/10/2010 07:16:51,MLM0950,PC-9787,Connect
{N2X6-M0MP05OK-0161FIMO},03/10/2010 07:44:22,MLM0950,PC-9787,Disconnect
{Y3B6-M1NC55AP-6832EFVL},03/10/2010 09:31:05,MLM0950,PC-9787,Connect
{U1C2-X6HJ84WX-6873MLOX},03/10/2010 09:57:11,MLM0950,PC-9787,Disconnect
{F5M9-J8VD77TR-4740XKBQ},03/10/2010 12:59:46,MLM0950,PC-9787,Connect
{J1F2-W8LY03CU-4474GZRM},03/10/2010 13:05:21,MLM0950,PC-9787,Disconnect
{Q8Q9-I5CO76BW-9061EHME},03/10/2010 15:09:23,MLM0950,PC-9787,Connect
{V9V4-C1CM11HV-5884YDUL},03/10/2010 15:20:25,MLM0950,PC-9787,Disconnect
{S3S8-F1UD30AJ-6060VHDD},03/10/2010 15:58:49,MLM0950,PC-9787,Connect
{D8O5-R4HJ58GF-6947EJOG},03/10/2010 16:10:37,MLM0950,PC-9787,Disconnect
{C1N3-E8EZ18SD-2970ZIOP},03/12/2010 11:09:42,MLM0950,PC-9787,Connect
{I3S0-F0QD71SF-1057ITOD},03/12/2010 12:26:44,MLM0950,PC-9787,Disconnect
{C5G9-U4BI17XN-5022LKJB},03/12/2010 13:59:42,MLM0950,PC-9787,Connect
{N8M8-S4MJ90LS-3944DCSR},03/12/2010 14:35:56,MLM0950,PC-9787,Disconnect
{M5C0-C8VD06BN-8394IVRV},03/13/2010 08:56:30,MLM0950,PC-9787,Connect
{D8U7-W6DI57SO-5298GEEP},03/13/2010 09:07:10,MLM0950,PC-9787,Disconnect
{W9Y7-L7NI52XR-5886HHYR},03/13/2010 09:26:18,MLM0950,PC-9787,Connect
{R2W1-Y3BO00EW-9082IENO},03/13/2010 09:29:24,MLM0950,PC-9787,Disconnect
{C8K5-T9PS47QM-6347BYTT},03/13/2010 09:30:30,MLM0950,PC-9787,Connect
{O2Q6-O1TG97SS-5355GZZY},03/13/2010 09:38:51,MLM0950,PC-9787,Disconnect
{N1I6-A0FH96ML-7998IUUP},03/14/2010 13:11:42,MLM0950,PC-9787,Connect
{J5E0-J1HO69PY-8672YUBK},03/14/2010 14:01:22,MLM0950,PC-9787,Disconnect
{O1J0-J3MQ66DD-6146UWJT},03/14/2010 14:29:39,MLM0950,PC-9787,Connect
{O8L3-U4HU99JX-6212OWEN},03/14/2010 14:59:02,MLM0950,PC-9787,Disconnect
{A1A3-K1ON70EZ-8509NSDK},03/15/2010 07:31:59,MLM0950,PC-9787,Connect
{J0O7-A2LJ85PR-5407AZWS},03/15/2010 08:35:52,MLM0950,PC-9787,Disconnect
{X2C6-I6KX61XI-2143BHNY},03/15/2010 14:18:30,MLM0950,PC-9787,Connect
{Q3C1-C3VO32ZB-1595NQUH},03/15/2010 14:24:30,MLM0950,PC-9787,Disconnect
{D0X8-G9QW57SF-5956BNWA},03/16/2010 07:13:17,MLM0950,PC-9787,Connect
{P6Q6-F7KW67XX-1965CEXP},03/16/2010 07:55:51,MLM0950,PC-9787,Disconnect
{D3M7-C5MA85NY-5158QWPN},03/16/2010 08:22:38,MLM0950,PC-9787,Connect
{E9A3-L4BO75OR-9571YGBD},03/16/2010 11:34:30,MLM0950,PC-9787,Disconnect
{B1Q2-J2FE59RJ-3838NFGV},03/17/2010 07:28:07,MLM0950,PC-9787,Connect
{K2V4-U0JI43OD-0883MQEV},03/17/2010 07:40:32,MLM0950,PC-9787,Disconnect
{J0D4-C9OM08IG-8181EGCZ},03/17/2010 13:12:10,MLM0950,PC-9787,Connect
{H8N8-O9NH56LG-9854QEAL},03/17/2010 13:50:14,MLM0950,PC-9787,Disconnect
{T9I8-H7YP77XO-6334NQZF},03/18/2010 08:39:30,MLM0950,PC-9787,Connect
{T2K4-S6OR12CZ-4590TLGX},03/18/2010 09:44:41,MLM0950,PC-9787,Disconnect
{R8H9-D2DB13YJ-2775GGLV},03/18/2010 12:17:36,MLM0950,PC-9787,Connect
{H5D9-U9OR00VA-2496FCAR},03/18/2010 13:00:42,MLM0950,PC-9787,Disconnect
{U5R8-V1FT56LF-7201TCHA},03/18/2010 14:12:07,MLM0950,PC-9787,Connect
{S5U7-V9EZ57KE-1435KTDE},03/18/2010 14:22:12,MLM0950,PC-9787,Disconnect
{D0P5-S1LO92TV-9620AUJJ},03/19/2010 09:19:05,MLM0950,PC-9787,Connect
{P8W4-M3ME46UT-7496EKKJ},03/19/2010 09:20:08,MLM0950,PC-9787,Disconnect
{N6O6-C8RN33DY-3805KIPN},03/19/2010 15:13:13,MLM0950,PC-9787,Connect
{F0H3-J7FW82GP-6590GPAY},03/19/2010 16:20:05,MLM0950,PC-9787,Disconnect
{B8V8-D8DS81UG-2531BBQW},03/20/2010 14:47:18,MLM0950,PC-9787,Connect
{W8I9-K5OQ66SN-6844NMJA},03/20/2010 15:09:45,MLM0950,PC-9787,Disconnect
{N9N8-K4RQ83JB-9315WOQH},03/20/2010 15:28:52,MLM0950,PC-9787,Connect
{F7Q3-Z8XN49KC-3292DWSK},03/20/2010 16:05:11,MLM0950,PC-9787,Disconnect
{X5K6-X3ZE64DU-2299SONU},03/21/2010 10:23:40,MLM0950,PC-9787,Connect
{Y6B2-I9GO25SW-3277QRKY},03/21/2010 10:54:19,MLM0950,PC-9787,Disconnect
{N1M1-C8TD47FT-1566QJYE},03/22/2010 08:51:57,MLM0950,PC-9787,Connect
{D5K4-H6NF69II-7274OXSX},03/22/2010 09:07:08,MLM0950,PC-9787,Disconnect
{P3G7-O6OU84CG-2850FRRG},03/22/2010 14:26:23,MLM0950,PC-9787,Connect
{O9V8-X2IZ80VS-5991EYOB},03/22/2010 14:39:16,MLM0950,PC-9787,Disconnect
{B3T3-J9YV73QQ-9441OKML},03/23/2010 13:32:45,MLM0950,PC-9787,Connect
{N2R7-G4BI16UZ-7703TIJU},03/23/2010 13:51:21,MLM0950,PC-9787,Disconnect
{W1D4-T7VJ12AK-7038BPDT},03/24/2010 08:44:02,MLM0950,PC-9787,Connect
{Y6T4-G3NJ23SI-9365DYQL},03/24/2010 09:11:23,MLM0950,PC-9787,Disconnect
{F3O1-B3VW75CW-0142LXQS},03/24/2010 09:44:45,MLM0950,PC-9787,Connect
{B0D2-K0MD71JC-4718LSXL},03/24/2010 09:46:06,MLM0950,PC-9787,Disconnect
{Q8I0-G1BW80NT-5069JGVO},03/24/2010 11:00:41,MLM0950,PC-9787,Connect
{M2X3-D4AS78BM-6388LBJA},03/24/2010 11:07:29,MLM0950,PC-9787,Disconnect
{J7K1-J2JK31DX-9293VZTJ},03/25/2010 07:51:12,MLM0950,PC-9787,Connect
{K6W5-J0HO67YO-7252BSLP},03/25/2010 07:52:40,MLM0950,PC-9787,Disconnect
{G6T9-D1QO44VC-1648GFIP},03/25/2010 10:44:28,MLM0950,PC-9787,Connect
{G3C7-M4AE80VP-3300KUOL},03/25/2010 11:02:25,MLM0950,PC-9787,Disconnect
{N6O5-Y2IX12GJ-3497BVDK},03/25/2010 14:22:31,MLM0950,PC-9787,Connect
{H7D9-O1JX38UM-4780RAGM},03/25/2010 14:32:03,MLM0950,PC-9787,Disconnect
{G6R0-O5XD89VE-4827GYHK},03/26/2010 07:49:09,MLM0950,PC-9787,Connect
{W9H7-X0RG25SZ-5281AMZK},03/26/2010 08:11:45,MLM0950,PC-9787,Disconnect
{D6X9-W5YM03FN-1527XMEP},03/26/2010 11:23:04,MLM0950,PC-9787,Connect
{O4N5-E3MX82YH-6440SCJW},03/26/2010 13:07:46,MLM0950,PC-9787,Disconnect
{X8U0-E2SL34DI-8075APAU},03/27/2010 12:49:41,MLM0950,PC-9787,Connect
{O9Z5-V9AN33AP-6229OEVM},03/27/2010 13:45:53,MLM0950,PC-9787,Disconnect
{T6W4-G5VH05AP-9178EADU},03/28/2010 09:00:02,MLM0950,PC-9787,Connect
{P7Y2-L9SE81GB-5658AOSD},03/28/2010 10:25:30,MLM0950,PC-9787,Disconnect
{U0W7-I8AN94DB-2206QCRA},03/29/2010 11:16:52,MLM0950,PC-9787,Connect
{U3M5-Z7HO07OF-7779MIVS},03/29/2010 11:19:32,MLM0950,PC-9787,Disconnect
{I2Q3-L3TV76HA-4202NDFH},03/31/2010 07:57:10,MLM0950,PC-9787,Connect
{S9K6-D1BP15NN-8147FMOQ},03/31/2010 08:06:58,MLM0950,PC-9787,Disconnect
{P3X9-J4TG54TX-7419GOAM},03/31/2010 13:51:10,MLM0950,PC-9787,Connect
{S5S5-U7BK75FX-5392SIJD},03/31/2010 14:07:25,MLM0950,PC-9787,Disconnect
{X8X6-U7VA14XX-7463DQTI},04/01/2010 07:49:57,MLM0950,PC-9787,Connect
{N8N9-S2PA14EC-0913VPJJ},04/01/2010 09:17:42,MLM0950,PC-9787,Disconnect
{K9Q1-X0CV75HC-7058USGZ},04/01/2010 13:10:38,MLM0950,PC-9787,Connect
{W1L5-K5RO74HL-3877LOKP},04/01/2010 13:16:54,MLM0950,PC-9787,Disconnect
{A4Q3-Q1VH70JK-8907PNOP},04/03/2010 09:11:58,MLM0950,PC-9787,Connect
{Y7U3-T3TI25SL-3666USCW},04/03/2010 09:17:54,MLM0950,PC-9787,Disconnect
{Q5O0-P1FL11GC-2291VQGH},04/03/2010 14:24:33,MLM0950,PC-9787,Connect
{C1C9-P4PV06NU-9581BINH},04/03/2010 14:54:34,MLM0950,PC-9787,Disconnect
{J2D4-A4SW70QA-9777EDZX},04/04/2010 08:30:58,MLM0950,PC-9787,Connect
{C7C2-Y4XS67FA-0696ILBA},04/04/2010 08:50:16,MLM0950,PC-9787,Disconnect
{S3P3-S7TH42CR-3100GPVT},04/04/2010 11:35:41,MLM0950,PC-9787,Connect
{H5V5-V2XU01JN-1442OPYG},04/04/2010 11:51:05,MLM0950,PC-9787,Disconnect
{Y9S8-B1CR89DW-4821BWTZ},04/04/2010 15:02:22,MLM0950,PC-9787,Connect
{F2V9-L7ZW62OQ-8611TUHQ},04/04/2010 16:04:48,MLM0950,PC-9787,Disconnect
{I0W9-M9DI35QN-8559LATQ},04/05/2010 12:30:22,MLM0950,PC-9787,Connect
{V4I2-R0OO44UV-5324NEIV},04/05/2010 12:46:36,MLM0950,PC-9787,Disconnect
{V9L7-Q5XV78DZ-1077VDWO},04/05/2010 13:53:00,MLM0950,PC-9787,Connect
{N8A7-U8TU50RM-7299ZVSH},04/05/2010 14:43:22,MLM0950,PC-9787,Disconnect
{F0R2-C5TD99TP-1668DTNH},04/05/2010 15:31:21,MLM0950,PC-9787,Connect
{T7U6-U3RL20HN-8310FHGM},04/05/2010 15:45:38,MLM0950,PC-9787,Disconnect
{U8X6-U6XQ68PU-5366HYLY},04/06/2010 09:12:58,MLM0950,PC-9787,Connect
{G7Y8-X8HD34SD-1205JKHO},04/06/2010 09:52:24,MLM0950,PC-9787,Disconnect
{P8G4-D0GM31LJ-0517QZYS},04/06/2010 10:33:20,MLM0950,PC-9787,Connect
{N5T5-X8ZT06SH-9491RZFD},04/06/2010 10:45:22,MLM0950,PC-9787,Disconnect
{D0F8-S2IV95XD-0224BFOG},04/06/2010 13:04:05,MLM0950,PC-9787,Connect
{J1F1-O2QB27DW-0145BEAT},04/06/2010 13:39:07,MLM0950,PC-9787,Disconnect
{D2D4-R1DH26BP-8513SHKP},04/10/2010 13:15:08,MLM0950,PC-9787,Connect
{G8Z8-S3CA39LG-7063YLWU},04/10/2010 13:32:54,MLM0950,PC-9787,Disconnect
{G4Z7-D1JJ03ST-0180VWAH},04/10/2010 15:33:44,MLM0950,PC-9787,Connect
{B3V2-M7RG82GW-6954JPPF},04/10/2010 15:44:27,MLM0950,PC-9787,Disconnect
{K5I0-D0ED02FD-9623RMIL},04/11/2010 12:04:42,MLM0950,PC-9787,Connect
{Z3X3-D0MN36RX-0009GHJL},04/11/2010 12:13:45,MLM0950,PC-9787,Disconnect
{T5X0-V5XB71CZ-3625GUCM},04/11/2010 15:01:36,MLM0950,PC-9787,Connect
{K2N1-V7ZE39TT-5416IHXA},04/11/2010 15:12:58,MLM0950,PC-9787,Disconnect
{N4X6-K2JU03GR-2155QQVQ},04/12/2010 09:17:46,MLM0950,PC-9787,Connect
{M5X0-Y4NT04HH-9128FQBZ},04/12/2010 10:18:05,MLM0950,PC-9787,Disconnect
{F1H4-M2LC09NV-2894LHJS},04/12/2010 12:16:12,MLM0950,PC-9787,Connect
{N1W1-B6UP54ZR-9602UBBR},04/12/2010 14:58:04,MLM0950,PC-9787,Disconnect
{L2J2-N3YU31JU-8401COHQ},04/13/2010 14:36:02,MLM0950,PC-9787,Connect
{I2W4-E2CZ32KA-8695CYIS},04/13/2010 14:56:12,MLM0950,PC-9787,Disconnect
{K1S5-U0VK95JK-9102DAOY},04/14/2010 13:11:05,MLM0950,PC-9787,Connect
{I2A8-X5ET68JB-7921FWUS},04/14/2010 13:50:30,MLM0950,PC-9787,Disconnect
{X5E6-O2CN95BR-0274HUIZ},04/15/2010 09:58:36,MLM0950,PC-9787,Connect
{B0O9-X7DK15RA-6527PFIC},04/15/2010 10:36:39,MLM0950,PC-9787,Disconnect
{Z9F8-X9YV64NB-4563DSGJ},04/15/2010 12:39:30,MLM0950,PC-9787,Connect
{M1U0-W8BU19HU-8321GVKX},04/15/2010 12:39:43,MLM0950,PC-9787,Disconnect
{R3F3-L5CA40CO-0291BUME},04/15/2010 13:31:36,MLM0950,PC-9787,Connect
{G2L5-U1QF43IQ-8698XPJA},04/15/2010 14:07:34,MLM0950,PC-9787,Disconnect
{A3I5-I2TK32UI-9064HIIM},04/16/2010 13:31:08,MLM0950,PC-9787,Connect
{E7H0-I2AC75KZ-7954POCV},04/16/2010 14:11:56,MLM0950,PC-9787,Disconnect
{Q4Q9-W6GZ71UU-5902RPXH},04/18/2010 07:41:38,MLM0950,PC-9787,Connect
{Y2U5-K9OT36MU-1769KKZB},04/18/2010 08:09:59,MLM0950,PC-9787,Disconnect
{T4K6-K8JA85FP-4428JDTC},04/18/2010 13:55:52,MLM0950,PC-9787,Connect
{B7P5-G5VL62IZ-0731NCWY},04/18/2010 13:57:59,MLM0950,PC-9787,Disconnect
{V3M1-F8KH77XL-5318GBGI},04/19/2010 14:05:35,MLM0950,PC-9787,Connect
{W9E8-T9XK47BB-0669VSDK},04/19/2010 14:31:49,MLM0950,PC-9787,Disconnect
{U1N7-P1BO55PO-7714VPWL},04/19/2010 14:55:43,MLM0950,PC-9787,Connect
{H4Y5-V5ZK69YI-1358AYTY},04/19/2010 15:24:03,MLM0950,PC-9787,Disconnect
{P0Y0-Z8UA25JZ-9950DJHE},04/20/2010 09:09:27,MLM0950,PC-9787,Connect
{P0K3-L6TB75JD-0791QTKS},04/20/2010 09:13:26,MLM0950,PC-9787,Disconnect
{J3R2-U9UW39XW-7030GOIG},04/20/2010 09:29:33,MLM0950,PC-9787,Connect
{O2H1-Y6JY68XD-3057ZKON},04/20/2010 09:44:06,MLM0950,PC-9787,Disconnect
{F9H8-V2MG17EP-7671GKLY},04/20/2010 12:18:27,MLM0950,PC-9787,Connect
{A0F4-X5CE45YQ-7616XYOC},04/20/2010 12:25:02,MLM0950,PC-9787,Disconnect
{P3S8-Y2YR96XV-2393PZNO},04/21/2010 10:00:11,MLM0950,PC-9787,Connect
{H8V3-X5TQ42YI-8592QCKO},04/21/2010 10:16:18,MLM0950,PC-9787,Disconnect
{H4L3-I8DU81DI-6607AQOK},04/21/2010 12:52:10,MLM0950,PC-9787,Connect
{I4N0-B3FB18GV-7323POZN},04/21/2010 12:57:37,MLM0950,PC-9787,Disconnect
{U3E1-U8MO62FQ-0371FMKX},04/21/2010 14:19:28,MLM0950,PC-9787,Connect
{C3H3-K9QG13CC-2528HOWD},04/21/2010 14:32:52,MLM0950,PC-9787,Disconnect
{C4A2-D1HS70TN-2516PYXX},04/22/2010 09:45:31,MLM0950,PC-9787,Connect
{N4J9-J7JJ03UY-1718WSMO},04/22/2010 09:50:11,MLM0950,PC-9787,Disconnect
{W0E9-D1ID60NA-1556FUPG},04/22/2010 12:41:29,MLM0950,PC-9787,Connect
{C6L1-P0RT24YE-8826DFPY},04/22/2010 13:01:29,MLM0950,PC-9787,Disconnect
{M2X7-E7MB11GW-4913XGPY},04/23/2010 08:03:00,MLM0950,PC-9787,Connect
{J4B2-T6GP19PD-8603CJWN},04/23/2010 08:04:03,MLM0950,PC-9787,Disconnect
{V1R1-B3CM65AW-3967PLHM},04/23/2010 10:04:16,MLM0950,PC-9787,Connect
{J8N8-N8OT30MK-5226JZHK},04/23/2010 11:40:20,MLM0950,PC-9787,Disconnect
{P4L0-G3AG01KN-1149SFGJ},04/23/2010 12:02:13,MLM0950,PC-9787,Connect
{G9J5-Q7NR79JQ-1817SGHD},04/23/2010 13:10:59,MLM0950,PC-9787,Disconnect
{J2J6-U3ZX70EY-7519RBPM},04/25/2010 12:30:34,MLM0950,PC-9787,Connect
{V3A1-E4GS04RB-0076RTHA},04/25/2010 13:02:24,MLM0950,PC-9787,Disconnect
{Y3Z7-K4NP21VI-3661RFGC},04/25/2010 15:22:13,MLM0950,PC-9787,Connect
{U6H2-Q8PS12ZW-5545ICBZ},04/25/2010 16:08:32,MLM0950,PC-9787,Disconnect
{U0J8-M1UY91LN-2166GSNS},04/26/2010 08:17:52,MLM0950,PC-9787,Connect
{X3Y4-O5YQ26WC-7454ZNXH},04/26/2010 09:02:04,MLM0950,PC-9787,Disconnect
{G3O2-Q5LN79XJ-2781FUCE},04/26/2010 13:22:08,MLM0950,PC-9787,Connect
{E7N3-F8RT61DA-8526NPTZ},04/26/2010 15:19:29,MLM0950,PC-9787,Disconnect
{W3H6-X8YZ58YC-3435PSDO},04/27/2010 07:58:40,MLM0950,PC-9787,Connect
{Y3E7-R0JF67JX-7723RJWW},04/27/2010 08:31:57,MLM0950,PC-9787,Disconnect
{A2L7-L6WH35QP-9825JZVY},04/27/2010 12:28:25,MLM0950,PC-9787,Connect
{X9U7-M8AP20KV-6012BPTK},04/27/2010 14:08:13,MLM0950,PC-9787,Disconnect
{D5F2-C1WA01BL-4662BSDF},04/27/2010 14:31:22,MLM0950,PC-9787,Connect
{S8A2-L9HM52OH-3921YFBG},04/27/2010 15:02:38,MLM0950,PC-9787,Disconnect
{F9U2-H6YW92UL-8921EMUJ},04/28/2010 10:47:06,MLM0950,PC-9787,Connect
{I2C6-E5SR97BD-8623MROP},04/28/2010 11:11:37,MLM0950,PC-9787,Disconnect
{J2K8-Z5WZ85AN-0998FYUJ},04/28/2010 12:28:23,MLM0950,PC-9787,Connect
{B5U1-A9TG13PN-5373OHGW},04/28/2010 12:52:45,MLM0950,PC-9787,Disconnect
{D7M7-I0TA53VD-1801ECIW},04/28/2010 14:19:32,MLM0950,PC-9787,Connect
{N4P6-W0EI42VT-3370YSYF},04/28/2010 14:58:54,MLM0950,PC-9787,Disconnect
{I0K0-H0CC60NP-7398AVWG},04/30/2010 08:56:34,MLM0950,PC-9787,Connect
{G2W6-L6IO70NG-8333OBKV},04/30/2010 09:42:19,MLM0950,PC-9787,Disconnect
{O5A8-K4JL80HQ-6653ZEAM},04/30/2010 12:30:30,MLM0950,PC-9787,Connect
{Y0G2-F4QG64TC-7357KKUW},04/30/2010 12:35:01,MLM0950,PC-9787,Disconnect
{E3H1-F8CH79PD-9947WPGA},04/30/2010 14:22:28,MLM0950,PC-9787,Connect
{E3N6-V9TL36GP-3579YZPS},04/30/2010 14:25:21,MLM0950,PC-9787,Disconnect
{R9W8-Q1IS11XL-0555XICP},05/03/2010 07:18:08,MLM0950,PC-9787,Connect
{Z6E4-Z6IW60TY-8116PTIK},05/03/2010 07:47:29,MLM0950,PC-9787,Disconnect
{U2X6-N1YF19PG-8566LOHD},05/03/2010 08:12:21,MLM0950,PC-9787,Connect
{C2I2-E6OS93OE-6652SEAB},05/03/2010 08:25:33,MLM0950,PC-9787,Disconnect
{O0O3-T3TR93SR-0431OMOH},05/03/2010 12:38:26,MLM0950,PC-9787,Connect
{R9L4-P1AI90JG-6251TRON},05/03/2010 12:57:02,MLM0950,PC-9787,Disconnect
{A5K6-G0IL64VI-6716USQH},05/04/2010 14:17:24,MLM0950,PC-9787,Connect
{O0Z2-K8VU99CN-1423HRLQ},05/04/2010 14:18:34,MLM0950,PC-9787,Disconnect
{B0Q5-I3FU50UT-0431NXHC},05/04/2010 14:23:36,MLM0950,PC-9787,Connect
{Z2X8-K3PO13BN-8718OYWS},05/04/2010 14:30:32,MLM0950,PC-9787,Disconnect
{U3V2-O5TJ53FS-5953YNHH},05/05/2010 07:44:42,MLM0950,PC-9787,Connect
{R2T9-W7US25KM-7320ZPUT},05/05/2010 07:55:09,MLM0950,PC-9787,Disconnect
{E6X4-K5EZ72OZ-3031JDGE},05/05/2010 09:35:14,MLM0950,PC-9787,Connect
{H0H0-P7DQ43SZ-6230GDJR},05/05/2010 09:43:38,MLM0950,PC-9787,Disconnect
{G5F7-H4PH95LC-6546NEZQ},05/05/2010 13:37:24,MLM0950,PC-9787,Connect
{Y3O2-X9UU44WA-2867YYUZ},05/05/2010 14:13:40,MLM0950,PC-9787,Disconnect
{O3U0-O0GI33OQ-4550LJYG},05/06/2010 08:12:24,MLM0950,PC-9787,Connect
{H7J0-E2TO24QO-2504RQJT},05/06/2010 08:43:44,MLM0950,PC-9787,Disconnect
{Y7I8-V3CQ32VD-6002YJPY},05/06/2010 13:16:16,MLM0950,PC-9787,Connect
{N0I3-X3QA93GD-1126XMRN},05/06/2010 13:26:37,MLM0950,PC-9787,Disconnect
{F2P8-J1NZ42WO-4286ICSD},05/07/2010 13:16:25,MLM0950,PC-9787,Connect
{P9I3-Q8QG30CO-3473KQMZ},05/07/2010 13:53:29,MLM0950,PC-9787,Disconnect
{X0S9-C1IS35WT-3324OVIJ},05/07/2010 15:08:37,MLM0950,PC-9787,Connect
{H3M3-C9TS41QX-5816FTAA},05/07/2010 15:32:40,MLM0950,PC-9787,Disconnect
{F5U7-B1SR86VF-2892STVD},05/09/2010 07:24:44,MLM0950,PC-9787,Connect
{I5Y7-J5SP95RA-5399UIFD},05/09/2010 07:34:03,MLM0950,PC-9787,Disconnect
{V7P8-X8RX25QR-8414HPHG},05/09/2010 07:37:01,MLM0950,PC-9787,Connect
{K6B1-E6ZM79AO-2228IRAH},05/09/2010 07:37:08,MLM0950,PC-9787,Disconnect
{Y4U0-J4QA24BE-6823LFQB},05/10/2010 09:13:21,MLM0950,PC-9787,Connect
{Y2O0-P5JW95MB-9583QYFU},05/10/2010 09:39:50,MLM0950,PC-9787,Disconnect
{H3G9-S6ZD22KY-5964VHAS},05/10/2010 13:55:22,MLM0950,PC-9787,Connect
{E2B7-C6RK38IW-5724MVXA},05/10/2010 14:02:12,MLM0950,PC-9787,Disconnect
{D9N3-G0BH09JN-5644ZLZK},05/10/2010 15:04:10,MLM0950,PC-9787,Connect
{G1O5-W8AL55SW-4912DQRF},05/10/2010 15:43:35,MLM0950,PC-9787,Disconnect
{Z0A2-W6GB32IF-6243CTUN},05/11/2010 11:14:42,MLM0950,PC-9787,Connect
{R2D8-X8PT86TZ-8204ONZC},05/11/2010 13:01:13,MLM0950,PC-9787,Disconnect
{P5A1-G8FW33JL-8503TAHX},05/12/2010 07:33:58,MLM0950,PC-9787,Connect
{H5X9-S6NL95XF-4243KQVT},05/12/2010 08:04:19,MLM0950,PC-9787,Disconnect
{K5F2-W6IT15QS-6719AKEY},05/12/2010 12:22:21,MLM0950,PC-9787,Connect
{Z4M0-R4ES61QM-3251AOWL},05/12/2010 12:26:46,MLM0950,PC-9787,Disconnect
{B6K2-I3LK58CB-5054SIVR},05/12/2010 15:23:14,MLM0950,PC-9787,Connect
{W4N2-T5NX52WF-6578HLGP},05/12/2010 15:39:06,MLM0950,PC-9787,Disconnect
{F3Z3-V8HX28FM-1620HHHN},05/13/2010 07:32:05,MLM0950,PC-9787,Connect
{A6M2-Y6EA92SQ-5490ANFO},05/13/2010 08:48:31,MLM0950,PC-9787,Disconnect
{D3M3-C8RS25ZQ-4388WUZD},05/13/2010 14:37:17,MLM0950,PC-9787,Connect
{G3K0-T1FQ42YP-3927WRLD},05/13/2010 14:44:53,MLM0950,PC-9787,Disconnect
{P8W1-N7RF96XE-6824FMKN},05/14/2010 07:53:16,MLM0950,PC-9787,Connect
{T8P5-V3UM54DZ-8947MJJP},05/14/2010 08:01:42,MLM0950,PC-9787,Disconnect
{U7I4-J5QB15SC-6589KHII},05/14/2010 15:30:00,MLM0950,PC-9787,Connect
{Q5N3-G0YV23ZG-7341RDPK},05/14/2010 15:39:10,MLM0950,PC-9787,Disconnect
{R2I4-F4PE02QL-6783KUQQ},05/15/2010 07:44:02,MLM0950,PC-9787,Connect
{E6K7-T6VO78WS-2500JUBU},05/15/2010 08:42:56,MLM0950,PC-9787,Disconnect
{S1Q6-W2ZD59LS-8961BSTW},05/15/2010 13:48:33,MLM0950,PC-9787,Connect
{P3F0-W3DD97PK-6922VLXB},05/15/2010 14:08:19,MLM0950,PC-9787,Disconnect
{P2G0-L2EQ24PX-2853QZLY},05/15/2010 14:44:29,MLM0950,PC-9787,Connect
{A7Y7-F8LV44AL-6988LQPF},05/15/2010 14:58:48,MLM0950,PC-9787,Disconnect
{L0T2-S8RR38ZT-4348LREN},05/16/2010 08:51:08,MLM0950,PC-9787,Connect
{D4X8-F2QR14ZS-3831EHIA},05/16/2010 10:07:00,MLM0950,PC-9787,Disconnect
{S8R7-I3QX76IZ-0914ZTMC},05/16/2010 10:20:10,MLM0950,PC-9787,Connect
{Z4Z5-C7CO08FZ-6355ZRQG},05/16/2010 10:35:31,MLM0950,PC-9787,Disconnect
{G9Q8-S9PJ34VB-7653NBDN},05/16/2010 11:46:48,MLM0950,PC-9787,Connect
{K9F9-C0FX87FD-6684XAPD},05/16/2010 12:09:35,MLM0950,PC-9787,Disconnect
{N9E3-J8VC62FL-0274JZAY},05/17/2010 07:45:53,MLM0950,PC-9787,Connect
{E5E4-I7QT69CJ-7574ZDCY},05/17/2010 08:02:22,MLM0950,PC-9787,Disconnect
{W7C8-H6RP28UK-6305GQBC},05/17/2010 13:11:37,MLM0950,PC-9787,Connect
{Z1N3-B3PU67IC-9381BQOO},05/17/2010 14:40:59,MLM0950,PC-9787,Disconnect
{U3E1-L9FM73DG-6620TFBS},05/18/2010 07:58:29,MLM0950,PC-9787,Connect
{E3D7-N9JU96VY-4303GTPU},05/18/2010 08:18:24,MLM0950,PC-9787,Disconnect
{Z3D9-I2LN38ZA-0211ULSE},05/19/2010 08:23:17,MLM0950,PC-9787,Connect
{L6R1-E5UB76AR-3526XVTS},05/19/2010 08:26:07,MLM0950,PC-9787,Disconnect
{A7T8-X1OC01FK-1326AGPM},05/19/2010 13:24:19,MLM0950,PC-9787,Connect
{Q1N1-K2UP69NT-3237XMST},05/19/2010 13:32:38,MLM0950,PC-9787,Disconnect
{T7Y0-H5AM74ZZ-3644LRYV},05/19/2010 15:34:28,MLM0950,PC-9787,Connect
{Z3T6-F0CL46PO-9333GNTF},05/19/2010 15:40:23,MLM0950,PC-9787,Disconnect
{K3S4-V8EX81CZ-0491FDCE},05/20/2010 14:15:13,MLM0950,PC-9787,Connect
{K0P3-O6RA69IZ-6452CAQA},05/20/2010 14:37:43,MLM0950,PC-9787,Disconnect
{B0X7-I6RQ51JS-3912HXFR},05/21/2010 12:58:17,MLM0950,PC-9787,Connect
{B9T4-V9ON27PZ-6172AOND},05/21/2010 13:50:25,MLM0950,PC-9787,Disconnect
{T7Y8-V7ZF48SP-5640KWHF},05/21/2010 15:34:09,MLM0950,PC-9787,Connect
{L9O0-B7EM74OS-2111LWLS},05/23/2010 15:30:30,MLM0950,PC-9787,Connect
{X8N2-W8OL78CH-6081YMJX},05/23/2010 15:48:42,MLM0950,PC-9787,Disconnect
{Z1A7-B7IE58PT-5885BGHM},05/24/2010 10:12:07,MLM0950,PC-9787,Connect
{A4T2-A2NF80PK-3853QZHD},05/24/2010 10:15:43,MLM0950,PC-9787,Disconnect
{G2X5-V6WJ11YV-7233UBOK},05/24/2010 10:35:05,MLM0950,PC-9787,Connect
{Q6R8-N9TD65IP-1442MNKI},05/24/2010 10:36:52,MLM0950,PC-9787,Disconnect
{M8T7-I9AZ14QI-1440VGCF},05/25/2010 08:43:01,MLM0950,PC-9787,Connect
{J6S2-P8YR81MO-0300QNUS},05/25/2010 08:47:59,MLM0950,PC-9787,Disconnect
{U6K4-X8LF24OG-9689BYBH},05/25/2010 12:07:06,MLM0950,PC-9787,Connect
{U8M3-B2IG71MI-5439FGXM},05/25/2010 12:15:59,MLM0950,PC-9787,Disconnect
{Q3R3-F7DS93KM-3241XTMR},05/25/2010 13:09:34,MLM0950,PC-9787,Connect
{Z0M8-R7QP93IO-0505SJSM},05/25/2010 13:32:43,MLM0950,PC-9787,Disconnect
{S0N9-L1VU42YU-2479ZGTM},05/26/2010 07:25:01,MLM0950,PC-9787,Connect
{D0A0-J3QQ90DA-8908PEGX},05/26/2010 07:36:25,MLM0950,PC-9787,Disconnect
{E2C5-N6UL75PU-7138ZHEE},05/26/2010 12:10:56,MLM0950,PC-9787,Connect
{E7G0-Y9QB74ZC-3778AZTS},05/26/2010 12:40:42,MLM0950,PC-9787,Disconnect
{F1S3-Q7TU81YI-9592YJSR},05/26/2010 13:03:24,MLM0950,PC-9787,Connect
{N4G0-D8MS95EA-0676UWIQ},05/26/2010 13:15:13,MLM0950,PC-9787,Disconnect
{Q6B6-F9VT35MD-7257WXVW},05/27/2010 08:18:54,MLM0950,PC-9787,Connect
{Z2N5-A5OS88RI-5376JXFT},05/27/2010 08:52:01,MLM0950,PC-9787,Disconnect
{P9G3-B9XH88YV-8362LFCW},05/27/2010 11:44:54,MLM0950,PC-9787,Connect
{B9C7-G3NJ98YW-5117STJN},05/27/2010 13:00:25,MLM0950,PC-9787,Disconnect
{N8G5-W3MD47HZ-1089PHBE},05/28/2010 13:51:59,MLM0950,PC-9787,Connect
{Q4V8-B3OB38TA-6103NHMU},05/28/2010 14:03:17,MLM0950,PC-9787,Disconnect
{I5B9-I8YG01IE-4984AMKV},05/29/2010 08:42:45,MLM0950,PC-9787,Connect
{U9K3-L1FJ57BF-4913FKLQ},05/29/2010 08:53:25,MLM0950,PC-9787,Disconnect
{D7N3-X2YF91VO-6191RADP},06/01/2010 11:57:24,MLM0950,PC-9787,Connect
{X2A5-L9PJ71FE-0527WRFJ},06/01/2010 12:17:31,MLM0950,PC-9787,Disconnect
{A9T9-F9DC69IP-1779MWSB},06/01/2010 12:53:49,MLM0950,PC-9787,Connect
{R3T3-Y7KE21YO-5039VTER},06/01/2010 13:00:51,MLM0950,PC-9787,Disconnect
{A7C6-X0GI87VI-4903YYFO},06/02/2010 08:37:48,MLM0950,PC-9787,Connect
{O7O9-Y1DB38ZM-0196DZLL},06/02/2010 08:42:26,MLM0950,PC-9787,Disconnect
{M9V0-M1SE68PO-7636EWIP},06/02/2010 09:22:56,MLM0950,PC-9787,Connect
{N8O0-G8KR24UB-5460AXXB},06/02/2010 10:51:05,MLM0950,PC-9787,Disconnect
{P4Q8-Z9HE89EJ-0483ASDI},06/02/2010 13:25:29,MLM0950,PC-9787,Connect
{N6X0-A1XX55SK-0438PARJ},06/02/2010 14:28:08,MLM0950,PC-9787,Disconnect
{A4T6-Y2FO19QU-0368AFOB},06/03/2010 07:49:16,MLM0950,PC-9787,Connect
{I3H3-B2QI46AE-4351TDIV},06/03/2010 08:13:25,MLM0950,PC-9787,Disconnect
{W0T4-G3UF84LR-5133AGKI},06/03/2010 08:42:38,MLM0950,PC-9787,Connect
{L8M1-J2WD56XK-9012RKVB},06/03/2010 08:56:52,MLM0950,PC-9787,Disconnect
{H6B5-N0HC73UB-3226LOQT},06/03/2010 12:51:18,MLM0950,PC-9787,Connect
{J8G2-F8SM02GP-1807MQPM},06/03/2010 13:48:47,MLM0950,PC-9787,Disconnect
{S8E6-T7WV91EL-1635QMND},06/03/2010 15:53:54,MLM0950,PC-9787,Connect
{Z9I7-T6YG36TE-5735MZJY},06/03/2010 16:13:29,MLM0950,PC-9787,Disconnect
{N3G3-M6NW28ZX-3995DDOT},06/04/2010 08:52:27,MLM0950,PC-9787,Connect
{A9X1-Q8GM52FI-3018PATB},06/04/2010 09:33:46,MLM0950,PC-9787,Disconnect
{Y7O2-P3IF18QZ-7166OTMN},06/04/2010 12:27:37,MLM0950,PC-9787,Connect
{Z7U8-E0FU74GP-8887FKQB},06/04/2010 12:36:07,MLM0950,PC-9787,Disconnect
{X2O4-B2PB50TK-1421FZEV},06/04/2010 13:22:50,MLM0950,PC-9787,Connect
{M8V8-H2XG63CQ-0288QZLJ},06/04/2010 13:39:02,MLM0950,PC-9787,Disconnect
{R3N7-E4GU69LX-3074BCEL},06/05/2010 11:09:04,MLM0950,PC-9787,Connect
{P8W0-K8GL47OE-4976WMQP},06/05/2010 11:30:23,MLM0950,PC-9787,Disconnect
{C2U3-M5TT68YO-5671WMRV},06/06/2010 07:28:07,MLM0950,PC-9787,Connect
{J7X2-T5MV04KS-4801MVDW},06/06/2010 08:13:16,MLM0950,PC-9787,Disconnect
{L3B2-W1YZ15RJ-7900NPBB},06/06/2010 10:01:02,MLM0950,PC-9787,Connect
{N4N9-M5EX16EM-4146ITUX},06/06/2010 10:35:18,MLM0950,PC-9787,Disconnect
{Z8I3-M7SH23AR-3827DDOG},06/06/2010 10:57:48,MLM0950,PC-9787,Connect
{M6F4-E5WZ98CU-6586IZMV},06/06/2010 11:14:15,MLM0950,PC-9787,Disconnect
{J2B7-T4AT02PR-0371ZWUR},06/06/2010 11:42:03,MLM0950,PC-9787,Connect
{Y1R5-J5JG56QU-4815KJQI},06/06/2010 11:47:12,MLM0950,PC-9787,Disconnect
{I6I0-Z5RO12OM-2803TWKC},06/07/2010 08:34:04,MLM0950,PC-9787,Connect
{A0L1-E9HM82ES-2954QMVO},06/07/2010 08:34:35,MLM0950,PC-9787,Disconnect
{H0M0-F4QK56NG-2304YEYM},06/08/2010 08:00:34,MLM0950,PC-9787,Connect
{J4V3-Q0EQ62BO-7408STDG},06/08/2010 08:00:43,MLM0950,PC-9787,Disconnect
{Z9E3-I9VH80YL-3478WFFN},06/09/2010 12:18:56,MLM0950,PC-9787,Connect
{E2J7-N3KC77RN-2944LZHK},06/09/2010 12:59:51,MLM0950,PC-9787,Disconnect
{D8M5-F3AG25GS-5215RDTQ},06/10/2010 10:58:09,MLM0950,PC-9787,Connect
{C8L0-Q4NP03WJ-3120LYLE},06/10/2010 11:17:42,MLM0950,PC-9787,Disconnect
{G4L2-M9ZZ01XU-3286MJRR},06/10/2010 15:39:29,MLM0950,PC-9787,Connect
{A1M1-E8RN46TM-8332BXLR},06/10/2010 16:00:13,MLM0950,PC-9787,Disconnect
{P4K7-H0EU53ZQ-5688SGWB},06/11/2010 08:05:21,MLM0950,PC-9787,Connect
{I7Z9-H9JZ77NC-3390QYFQ},06/11/2010 08:15:39,MLM0950,PC-9787,Disconnect
{W5N4-Q5SI61RG-2886ADXU},06/11/2010 12:57:05,MLM0950,PC-9787,Connect
{J0Q6-V1SJ37MZ-2503BTXM},06/11/2010 12:58:40,MLM0950,PC-9787,Disconnect
{P9O9-V2IU85OF-8102WOAY},06/11/2010 13:58:32,MLM0950,PC-9787,Connect
{U0O0-W1GQ22OU-1609BHFK},06/11/2010 14:04:46,MLM0950,PC-9787,Disconnect
{Q5J7-B5WZ11WL-7040HRIJ},06/15/2010 08:15:23,MLM0950,PC-9787,Connect
{P4F8-Z3PD56HB-4091AFPU},06/15/2010 08:36:58,MLM0950,PC-9787,Disconnect
{J4H4-X0ZS50ZP-4370GCPN},06/15/2010 09:50:58,MLM0950,PC-9787,Connect
{S7M9-G0XY96LS-9996PAUC},06/15/2010 09:52:13,MLM0950,PC-9787,Disconnect
{X0V7-K8RJ65CH-3056HDSZ},06/16/2010 08:23:11,MLM0950,PC-9787,Connect
{U6Q9-O3OV50KF-1290OHQF},06/16/2010 08:45:48,MLM0950,PC-9787,Disconnect
{A7R4-K5EG13PW-3748ZMCR},06/16/2010 08:58:58,MLM0950,PC-9787,Connect
{K8K5-K4YW17QJ-7845LOFH},06/16/2010 09:15:08,MLM0950,PC-9787,Disconnect
{M7W2-G7NY52BS-1603FIVV},06/16/2010 14:37:20,MLM0950,PC-9787,Connect
{D7J7-I8MY44VH-0544OFQU},06/16/2010 14:40:44,MLM0950,PC-9787,Disconnect
{G5I8-F2TN28OR-9904GTJG},06/17/2010 13:08:41,MLM0950,PC-9787,Connect
{H6M2-K9LT31IM-7558RPEV},06/17/2010 13:51:36,MLM0950,PC-9787,Disconnect
{F4Y9-C8HX87LB-8904BZVB},06/17/2010 15:54:27,MLM0950,PC-9787,Connect
{C0Z1-S1JS73AE-6572VUOG},06/17/2010 16:00:45,MLM0950,PC-9787,Disconnect
{W3K0-O5MM30AN-1037GUFI},06/18/2010 07:19:37,MLM0950,PC-9787,Connect
{Y5O8-O3CU29VL-2866ZESO},06/18/2010 07:54:07,MLM0950,PC-9787,Disconnect
{J6A5-B4IE04JA-1257EOYB},06/18/2010 14:39:44,MLM0950,PC-9787,Connect
{D1I1-H2AG46NM-7769TXUX},06/18/2010 14:59:12,MLM0950,PC-9787,Disconnect
{K9V2-F0LO96EJ-0666MLTX},06/18/2010 14:59:26,MLM0950,PC-9787,Connect
{R2E8-X5LE20LV-1293YZTM},06/18/2010 15:23:22,MLM0950,PC-9787,Disconnect
{C1K2-I1ID62NW-5812EWPI},06/19/2010 15:05:41,MLM0950,PC-9787,Connect
{W7I0-B1GX24LD-0498UWHN},06/19/2010 15:43:42,MLM0950,PC-9787,Disconnect
{C6B0-D0UF44MY-7140TBBO},06/21/2010 07:45:52,MLM0950,PC-9787,Connect
{S3L2-A5XE63IN-8588EOYM},06/21/2010 08:12:29,MLM0950,PC-9787,Disconnect
{J3S3-M6GE06LX-4221CMPX},06/21/2010 08:45:00,MLM0950,PC-9787,Connect
{L4A3-F5GN88VN-3383WDCS},06/21/2010 09:13:54,MLM0950,PC-9787,Disconnect
{T6I1-K3UW23RY-7239HNCG},06/21/2010 13:20:08,MLM0950,PC-9787,Connect
{M8L3-P9MN32ZG-6796FSPY},06/21/2010 14:24:50,MLM0950,PC-9787,Disconnect
{F9N4-V6AX60TX-4948IFGK},06/22/2010 08:22:11,MLM0950,PC-9787,Connect
{T1G3-P8VC11XC-0048QSFS},06/22/2010 08:58:15,MLM0950,PC-9787,Disconnect
{U8Q0-I4IM63MT-9234KUOW},06/22/2010 14:51:21,MLM0950,PC-9787,Connect
{S2L5-U5EA57AA-1054TXFQ},06/22/2010 16:05:33,MLM0950,PC-9787,Disconnect
{E1N2-V5NN27VB-2412RAZT},06/23/2010 07:21:57,MLM0950,PC-9787,Connect
{A8M6-Z1DT41GM-6976KYNA},06/23/2010 08:07:42,MLM0950,PC-9787,Disconnect
{E6M7-D7BF70XI-7251LTYS},06/23/2010 08:36:48,MLM0950,PC-9787,Connect
{H0K2-G6RA60VY-6037QLGV},06/23/2010 08:49:43,MLM0950,PC-9787,Disconnect
{F6B8-O8BY74IH-2493IQIC},06/23/2010 09:34:39,MLM0950,PC-9787,Connect
{I2Z9-G7DZ19UW-0547FEON},06/23/2010 10:35:27,MLM0950,PC-9787,Disconnect
{T9N7-B4GV59OH-8779YVHG},06/24/2010 07:18:51,MLM0950,PC-9787,Connect
{N4M8-W5BC83CH-0540BIFE},06/24/2010 07:44:55,MLM0950,PC-9787,Disconnect
{U4Y1-N8LE51HV-8674KFJX},06/24/2010 07:47:32,MLM0950,PC-9787,Connect
{O4I0-G8CP93JJ-7480NADO},06/24/2010 07:50:57,MLM0950,PC-9787,Disconnect
{L6D7-K4DW02UV-7809TUQN},06/24/2010 07:56:05,MLM0950,PC-9787,Connect
{O9B6-T6CO56SE-7859XIKL},06/24/2010 08:26:43,MLM0950,PC-9787,Disconnect
{E5J6-K6GP22VP-3973NKBB},06/25/2010 13:09:06,MLM0950,PC-9787,Connect
{W6K2-I6TP54OT-2929VUPU},06/25/2010 13:15:48,MLM0950,PC-9787,Disconnect
{A0I8-L1QQ40RN-6857BVIQ},06/27/2010 08:20:10,MLM0950,PC-9787,Connect
{J3E7-Z4PK58SF-3690DXYK},06/27/2010 08:34:34,MLM0950,PC-9787,Disconnect
{U6S7-E5IX34XC-7971OKIY},06/27/2010 10:00:51,MLM0950,PC-9787,Connect
{P5W1-U2LH67NU-5146WVNM},06/27/2010 10:30:52,MLM0950,PC-9787,Disconnect
{B6Z5-V9AT23YS-5653KSLU},06/29/2010 14:35:50,MLM0950,PC-9787,Connect
{A6V1-M2VA90OB-3684RYFU},06/29/2010 15:46:48,MLM0950,PC-9787,Disconnect
{O2H5-A6KT40TP-2235JKAK},06/30/2010 08:37:11,MLM0950,PC-9787,Connect
{C3P2-G2DF43BT-3004ZDWP},06/30/2010 08:37:31,MLM0950,PC-9787,Disconnect
{L9F9-T7IR58MY-4455KMRZ},06/30/2010 08:53:19,MLM0950,PC-9787,Connect
{L1Q5-L3YN06CD-1307JFOF},06/30/2010 08:55:28,MLM0950,PC-9787,Disconnect
{L3G2-C5MD94EQ-6718KUGL},06/30/2010 09:07:20,MLM0950,PC-9787,Connect
{C7O5-L0LK03JA-3985IWGN},06/30/2010 09:16:11,MLM0950,PC-9787,Disconnect
{P9X3-A0EV49SH-1572PHLG},06/30/2010 09:17:27,MLM0950,PC-9787,Connect
{N8L9-D8YS81SD-5328SPAX},06/30/2010 09:46:56,MLM0950,PC-9787,Disconnect
{Y2J6-Q5EN46UK-3970WJGB},07/01/2010 08:32:18,MLM0950,PC-9787,Connect
{A9Q2-R8BH46SW-7510EFBT},07/01/2010 08:33:17,MLM0950,PC-9787,Disconnect
{N0K4-C6IK37IK-9594GNPS},07/01/2010 13:02:50,MLM0950,PC-9787,Connect
{N0S8-Q3SN33BW-1713ZQRO},07/01/2010 13:52:55,MLM0950,PC-9787,Disconnect
{M9L0-S0ER03CX-6125CDST},07/02/2010 10:17:28,MLM0950,PC-9787,Connect
{Q0I4-S7CE52EC-4481TGDG},07/02/2010 10:55:54,MLM0950,PC-9787,Disconnect
{O4S1-O8JM08NT-0960OISX},07/02/2010 12:52:19,MLM0950,PC-9787,Connect
{H3B6-T2MP34YE-1320KOCH},07/02/2010 13:27:49,MLM0950,PC-9787,Disconnect
{R9H6-E9VD43UF-4921HTBA},07/02/2010 14:09:05,MLM0950,PC-9787,Connect
{B9O8-R0VC86RU-6337EHMY},07/02/2010 14:21:41,MLM0950,PC-9787,Disconnect
{A3I7-R2BU25HW-0905CWSF},07/03/2010 09:49:44,MLM0950,PC-9787,Connect
{F1R9-H0JM00QE-4462KNKA},07/03/2010 10:23:00,MLM0950,PC-9787,Disconnect
{U4A3-J4CV23ST-5993YKQI},07/03/2010 15:21:29,MLM0950,PC-9787,Connect
{X1K6-T3FA34AQ-4448CLDP},07/03/2010 15:35:32,MLM0950,PC-9787,Disconnect
{H9L5-U0PW58PF-3073RKUO},07/06/2010 09:30:38,MLM0950,PC-9787,Connect
{O2F6-Q6PU18GY-4247VNPV},07/06/2010 09:32:31,MLM0950,PC-9787,Disconnect
{I5R7-V0MH06SC-4252NIPV},07/06/2010 12:02:18,MLM0950,PC-9787,Connect
{M5X0-A2AA78RZ-8729TYTU},07/06/2010 12:15:04,MLM0950,PC-9787,Disconnect
{I6B2-S3EI94PW-7566PZGP},07/06/2010 14:02:01,MLM0950,PC-9787,Connect
{A2D6-M6PC95RT-2295BTIN},07/06/2010 14:09:06,MLM0950,PC-9787,Disconnect
{N5L8-C9NC91VF-5528OCDI},07/07/2010 09:02:55,MLM0950,PC-9787,Connect
{V6E5-J6SU15SU-7887RBBH},07/07/2010 09:22:08,MLM0950,PC-9787,Disconnect
{O3F1-A5IW93ZT-0099HYWG},07/07/2010 13:43:24,MLM0950,PC-9787,Connect
{H8B5-K3KA65MZ-1367FOKP},07/07/2010 15:02:16,MLM0950,PC-9787,Disconnect
{U1N5-Q7YZ75MU-5254KWDQ},07/08/2010 11:15:40,MLM0950,PC-9787,Connect
{O0D1-S5NR83KL-6699ZCIE},07/08/2010 11:17:47,MLM0950,PC-9787,Disconnect
{P3U5-W3LB54EQ-6044AQTN},07/08/2010 12:00:39,MLM0950,PC-9787,Connect
{S4S5-T6TQ31QR-9295GJXS},07/08/2010 12:01:34,MLM0950,PC-9787,Disconnect
{D8Y3-G9HA50DL-9098LQAR},07/08/2010 12:06:15,MLM0950,PC-9787,Connect
{P0A6-Q4BF80QO-1115OLAM},07/08/2010 12:20:33,MLM0950,PC-9787,Disconnect
{U6H0-V3BG34EZ-6529GSPP},07/09/2010 08:10:20,MLM0950,PC-9787,Connect
{I9G7-V7FZ10VD-9171JSIO},07/09/2010 08:25:29,MLM0950,PC-9787,Disconnect
{B5M8-E4ZD96BQ-3429SEJN},07/09/2010 12:55:33,MLM0950,PC-9787,Connect
{I2R0-T7BT30CM-3291BFBJ},07/09/2010 13:40:16,MLM0950,PC-9787,Disconnect
{I6Y8-D3JE06SA-2779ESYJ},07/10/2010 14:51:18,MLM0950,PC-9787,Connect
{T6L0-G2PO24WZ-7052QKLU},07/10/2010 15:04:18,MLM0950,PC-9787,Disconnect
{T4E4-D6BS39FO-6420URTB},07/12/2010 09:21:48,MLM0950,PC-9787,Connect
{Z0W6-J3BT69DH-1251WKTH},07/12/2010 09:31:39,MLM0950,PC-9787,Disconnect
{X8B8-S7XB11LO-3057WWKW},07/13/2010 08:54:54,MLM0950,PC-9787,Connect
{G3B2-X4DI40MR-2997OTVG},07/13/2010 09:43:07,MLM0950,PC-9787,Disconnect
{W3E3-C6IY01TH-5315HUUR},07/13/2010 13:22:29,MLM0950,PC-9787,Connect
{Z3U6-V9CR68VC-8102CXPP},07/13/2010 14:34:40,MLM0950,PC-9787,Disconnect
{T4P5-K0CU02AW-3264XRZA},07/14/2010 07:21:09,MLM0950,PC-9787,Connect
{N6B3-N3OE49SO-7868VVNR},07/14/2010 08:09:25,MLM0950,PC-9787,Disconnect
{C6L2-C7NA64QB-0820YCOO},07/14/2010 12:40:21,MLM0950,PC-9787,Connect
{L7J4-X8VQ05QX-5436RBBB},07/14/2010 12:55:41,MLM0950,PC-9787,Disconnect
{G7J3-G3JY20EV-9334RPCJ},07/14/2010 14:45:52,MLM0950,PC-9787,Connect
{T1F9-C2YP32RN-3160WNJG},07/14/2010 15:05:37,MLM0950,PC-9787,Disconnect
{I9G0-P8BT75DT-7378NOBI},07/15/2010 13:49:32,MLM0950,PC-9787,Connect
{Z5B1-O1EB35JU-0788KJEC},07/15/2010 15:13:40,MLM0950,PC-9787,Disconnect
{S8A7-E7VA94SL-8666WNSO},07/16/2010 09:18:52,MLM0950,PC-9787,Connect
{B6S8-J2VF75HC-1943JXEG},07/16/2010 09:24:33,MLM0950,PC-9787,Disconnect
{O8L4-D5AZ20QN-8392CAWK},07/16/2010 13:49:55,MLM0950,PC-9787,Connect
{P4H0-X9VS02OR-9587ZPGG},07/16/2010 14:32:00,MLM0950,PC-9787,Disconnect
{L9C4-L8MP05CB-4480ZFOR},07/17/2010 13:57:11,MLM0950,PC-9787,Connect
{F8P4-F8QB12UL-3427THEZ},07/17/2010 15:26:35,MLM0950,PC-9787,Disconnect
{E8Z3-B1DZ72MI-8860HLUQ},07/17/2010 15:39:06,MLM0950,PC-9787,Connect
{Q6S0-P3NZ72BB-3009HOPP},07/17/2010 16:11:10,MLM0950,PC-9787,Disconnect
{B3G3-L4DP42GA-2926UWQL},07/19/2010 08:24:28,MLM0950,PC-9787,Connect
{N1Y6-X0FB69QY-4805JEEO},07/19/2010 09:05:09,MLM0950,PC-9787,Disconnect
{Y2A1-I3VS03NZ-3424BZTT},07/19/2010 12:00:47,MLM0950,PC-9787,Connect
{Z2G9-L8EB42OF-6094DGMD},07/19/2010 12:43:05,MLM0950,PC-9787,Disconnect
{K4W0-A0AM06MS-4809LRKK},07/20/2010 09:15:21,MLM0950,PC-9787,Connect
{R3F5-E9MQ59TC-7920QQEP},07/20/2010 10:48:32,MLM0950,PC-9787,Disconnect
{F8D9-I9HH20FK-5787UEVJ},07/20/2010 12:41:26,MLM0950,PC-9787,Connect
{Y2B5-P1TZ06XM-4437ILQO},07/20/2010 13:20:32,MLM0950,PC-9787,Disconnect
{S9L6-X9NB66YY-2128URBS},07/21/2010 09:15:22,MLM0950,PC-9787,Connect
{A3I3-F6UH17NM-3505CIFZ},07/21/2010 09:17:06,MLM0950,PC-9787,Disconnect
{M6K2-V5XG60IV-2152KDFC},07/21/2010 09:20:44,MLM0950,PC-9787,Connect
{H1H7-N6TG93IV-5824VVGE},07/21/2010 09:24:20,MLM0950,PC-9787,Disconnect
{R6J2-J9YO16BT-9787IRRW},07/22/2010 07:09:31,MLM0950,PC-9787,Connect
{C0N0-L6RS25JJ-6524SPIS},07/22/2010 07:39:49,MLM0950,PC-9787,Disconnect
{G8C5-L2TS71ZG-6000JPRF},07/22/2010 14:41:14,MLM0950,PC-9787,Connect
{O9E5-D5YN24BI-5806OLFR},07/22/2010 15:22:22,MLM0950,PC-9787,Disconnect
{A3A7-L6VW40GZ-2442MGEF},07/23/2010 13:41:12,MLM0950,PC-9787,Connect
{R0M8-F8QV28HI-1554XIMJ},07/23/2010 14:17:23,MLM0950,PC-9787,Disconnect
{M6O2-G5EN49LC-9804AKAY},07/24/2010 08:15:40,MLM0950,PC-9787,Connect
{E4J2-N8BF85BN-9378EXLL},07/24/2010 09:29:07,MLM0950,PC-9787,Disconnect
{G6C2-G0LC55UI-7235OIGF},07/24/2010 13:41:08,MLM0950,PC-9787,Connect
{G7Y3-O7VM82FA-3004SCYM},07/24/2010 14:50:58,MLM0950,PC-9787,Disconnect
{A2H8-I8WJ93BN-9309ISLH},07/24/2010 15:00:46,MLM0950,PC-9787,Connect
{I3I9-U4NQ40LA-3610VQEN},07/24/2010 15:45:08,MLM0950,PC-9787,Disconnect
{F1Z3-P7WV06RA-4909BLSH},07/25/2010 09:02:09,MLM0950,PC-9787,Connect
{D5O2-C7RB70CH-2868GIOZ},07/25/2010 09:26:03,MLM0950,PC-9787,Disconnect
{X4A1-G3AB94ZC-4975EEKK},07/26/2010 07:32:22,MLM0950,PC-9787,Connect
{P1I1-Z0YD59ED-1542SCQU},07/26/2010 09:29:09,MLM0950,PC-9787,Disconnect
{G3T9-L7FF21AB-3859TIGH},07/27/2010 14:04:45,MLM0950,PC-9787,Connect
{O2R5-S2LM90TN-3946WPRX},07/27/2010 14:18:25,MLM0950,PC-9787,Disconnect
{O6Y4-B2AM54SI-7017ZKRT},07/28/2010 14:15:29,MLM0950,PC-9787,Connect
{Z5G6-N9IG76LL-3696BCYB},07/28/2010 16:18:48,MLM0950,PC-9787,Disconnect
{Z7Z7-O5LP31VC-5232FBFA},07/29/2010 12:43:31,MLM0950,PC-9787,Connect
{T7X2-C2ZT04PK-0655ASPK},07/29/2010 12:59:03,MLM0950,PC-9787,Disconnect
{H8J7-Z5RL12VM-4581DOSZ},07/30/2010 08:32:58,MLM0950,PC-9787,Connect
{Q0T3-S5CP69ZG-7278GCLA},07/30/2010 08:49:14,MLM0950,PC-9787,Disconnect
{L6F2-S1QA48EX-8632BRJM},07/30/2010 15:24:53,MLM0950,PC-9787,Connect
{A5T1-V4ZH36QZ-0599ADNS},07/30/2010 15:38:58,MLM0950,PC-9787,Disconnect
{T1E5-M5CP93PD-0742XWRA},08/01/2010 10:09:05,MLM0950,PC-9787,Connect
{M7U9-Y4VW82CM-3114MDOK},08/01/2010 10:26:24,MLM0950,PC-9787,Disconnect
{D4T7-Z5CA31TW-8152NGOV},08/01/2010 12:25:12,MLM0950,PC-9787,Connect
{Z1M0-X3HV75LQ-7323NTAU},08/01/2010 13:39:32,MLM0950,PC-9787,Disconnect
{P1X5-K3CL67XQ-7246RSXY},08/02/2010 07:45:12,MLM0950,PC-9787,Connect
{M4W7-L8WJ82VD-7041ILLX},08/02/2010 08:15:05,MLM0950,PC-9787,Disconnect
{Q4P6-E6VP86MP-5859PZQC},08/02/2010 08:19:53,MLM0950,PC-9787,Connect
{P3L3-O2JZ60UX-2377FCAC},08/02/2010 09:11:31,MLM0950,PC-9787,Disconnect
{C7A4-K6BW92LX-8822UIQC},08/04/2010 11:49:20,MLM0950,PC-9787,Connect
{Y4L4-A0GF58QW-5265TRHT},08/04/2010 12:09:39,MLM0950,PC-9787,Disconnect
{N2H3-O7MF32UD-1828JYLJ},08/04/2010 14:35:15,MLM0950,PC-9787,Connect
{O0G7-N1JD75DB-2125TWNA},08/04/2010 15:06:43,MLM0950,PC-9787,Disconnect
{D2Z4-D7ON45FG-2229ELUV},08/05/2010 09:52:23,MLM0950,PC-9787,Connect
{M7Z7-R8BO31DM-6277EGVP},08/05/2010 10:28:12,MLM0950,PC-9787,Disconnect
{N5E0-W4QM90OI-6928DHHQ},08/05/2010 12:02:05,MLM0950,PC-9787,Connect
{T2T6-M8NR09SB-5268WARA},08/05/2010 12:53:43,MLM0950,PC-9787,Disconnect
{Q3M2-A2KP73GN-0470RDMW},08/06/2010 08:49:07,MLM0950,PC-9787,Connect
{I2O1-V0RS74NG-8782EMNG},08/06/2010 08:51:52,MLM0950,PC-9787,Disconnect
{M2P6-H8UL16IB-8179DTIX},08/06/2010 09:44:46,MLM0950,PC-9787,Connect
{X9Z1-Q2CU42GQ-9862GNMA},08/06/2010 09:55:52,MLM0950,PC-9787,Disconnect
{O7W5-E3AZ52TE-6529TKYN},08/06/2010 15:07:56,MLM0950,PC-9787,Connect
{S4A1-B8ES43EJ-4131MNTX},08/06/2010 15:13:38,MLM0950,PC-9787,Disconnect
{I1P7-G1FV59FQ-2134RSAJ},08/07/2010 08:45:18,MLM0950,PC-9787,Connect
{L0G0-M6UR88LU-9785ABAM},08/07/2010 08:47:14,MLM0950,PC-9787,Disconnect
{C4D0-G4PH67OQ-8973PXQT},08/07/2010 14:09:04,MLM0950,PC-9787,Connect
{T7Y1-G7RD13FV-4883JFRR},08/07/2010 14:27:39,MLM0950,PC-9787,Disconnect
{M0A2-W8IY67RV-6070QJKI},08/11/2010 09:36:50,MLM0950,PC-9787,Connect
{L6A4-V2JL22NK-7352KDIJ},08/11/2010 09:41:20,MLM0950,PC-9787,Disconnect
{I5L8-R9UI73UG-1375YNGG},08/11/2010 12:55:04,MLM0950,PC-9787,Connect
{T3G8-B0PG04LD-4396BMPX},08/11/2010 13:29:57,MLM0950,PC-9787,Disconnect
{J5M3-X1JJ18GN-8855EIHM},08/11/2010 14:53:20,MLM0950,PC-9787,Connect
{F8F9-X3EQ95FH-7865SOEU},08/11/2010 14:58:49,MLM0950,PC-9787,Disconnect
{U3U1-D0ZZ22LU-7682NBLY},08/12/2010 12:10:59,MLM0950,PC-9787,Connect
{E5I6-Q0HW20UM-4461MBNT},08/12/2010 13:14:43,MLM0950,PC-9787,Disconnect
{Z6S8-K7YG22IM-7623NSSN},08/12/2010 15:16:46,MLM0950,PC-9787,Connect
{B7V8-S8SS16TA-1621TUVR},08/12/2010 15:32:42,MLM0950,PC-9787,Disconnect
{S4J6-L8KK07OM-1488SPHM},08/13/2010 08:15:30,MLM0950,PC-9787,Connect
{U7S1-Z5BL71ZI-0044EWVW},08/13/2010 09:09:30,MLM0950,PC-9787,Disconnect
{A5X2-Y0AP37KD-2814WJEB},08/13/2010 09:33:23,MLM0950,PC-9787,Connect
{F3V3-Z8TX93AB-9662GGRY},08/13/2010 09:39:07,MLM0950,PC-9787,Disconnect
{F8N7-K1JX18SE-1587NBIW},08/16/2010 08:59:39,MLM0950,PC-9787,Connect
{N7O3-T1VI29MS-4405YCGF},08/16/2010 09:29:48,MLM0950,PC-9787,Disconnect
{L8L6-C7HZ02YF-3144ZAKF},08/17/2010 10:13:24,MLM0950,PC-9787,Connect
{W0Q8-L1XE29SR-0484YUPW},08/17/2010 12:01:57,MLM0950,PC-9787,Disconnect
{E1P5-R9NS84VW-8250QGNG},08/17/2010 14:16:52,MLM0950,PC-9787,Connect
{J2N1-D9LR14WQ-8330XWFZ},08/17/2010 15:01:45,MLM0950,PC-9787,Disconnect
{J7N6-C6FV83KX-1979KTIB},08/17/2010 15:15:16,MLM0950,PC-9787,Connect
{E2P4-E9RK45OZ-3161BIQP},08/17/2010 15:27:34,MLM0950,PC-9787,Disconnect
{V6G3-E2TE82UB-2648VMPK},08/18/2010 09:55:05,MLM0950,PC-9787,Connect
{W0B1-D1HE44UH-5153LFSZ},08/18/2010 09:57:02,MLM0950,PC-9787,Disconnect
{M1Z2-K6AK43BE-2694QYKR},08/18/2010 10:21:08,MLM0950,PC-9787,Connect
{B7T1-S3XC55CJ-2917HHQR},08/18/2010 11:06:09,MLM0950,PC-9787,Disconnect
{Y4W6-G2OR96WA-9726BLFC},08/18/2010 15:11:14,MLM0950,PC-9787,Connect
{Y0M8-G5HP00RJ-6915RIQK},08/18/2010 15:50:40,MLM0950,PC-9787,Disconnect
{O6Y0-X0TS53LK-7997DIYX},08/19/2010 15:24:37,MLM0950,PC-9787,Connect
{A6T7-R1HY46UK-4173NZPZ},08/19/2010 15:24:58,MLM0950,PC-9787,Disconnect
{P9K6-J4KL65PU-9752MQDI},08/20/2010 08:36:52,MLM0950,PC-9787,Connect
{J5F5-E6PF73GB-3572SONH},08/20/2010 08:42:59,MLM0950,PC-9787,Disconnect
{T1Z4-M7AF68RV-8705RAYS},08/20/2010 13:37:38,MLM0950,PC-9787,Connect
{K7M7-B6QR71AG-9132AYJP},08/20/2010 13:46:32,MLM0950,PC-9787,Disconnect
{U9N9-M6LG12HL-9051VFYW},08/22/2010 08:07:16,MLM0950,PC-9787,Connect
{J3X9-K3ZJ30WG-5539SEQY},08/22/2010 08:24:20,MLM0950,PC-9787,Disconnect
{P4U6-X1PK39YY-7747ELIX},08/22/2010 13:00:48,MLM0950,PC-9787,Connect
{L3R3-N3EL07IE-7734VYBJ},08/22/2010 13:01:22,MLM0950,PC-9787,Disconnect
{L8H8-T8KE81MF-5240LEDL},08/23/2010 11:41:23,MLM0950,PC-9787,Connect
{H8F1-U4OG18WA-2715OOZU},08/23/2010 11:43:26,MLM0950,PC-9787,Disconnect
{J4W2-P8CM76CI-3309IQDU},08/23/2010 12:13:13,MLM0950,PC-9787,Connect
{U4U4-G1XK27QM-1676DUUL},08/23/2010 13:46:49,MLM0950,PC-9787,Disconnect
{P1G4-Z3WV36FV-4541IIXP},08/23/2010 14:05:13,MLM0950,PC-9787,Connect
{A6X6-D9IH89ZX-8625RWKH},08/23/2010 14:06:14,MLM0950,PC-9787,Disconnect
{A3D5-J4NQ29ZO-6307UEBD},08/24/2010 08:49:17,MLM0950,PC-9787,Connect
{N0A7-G2OE19SV-7520YMVL},08/24/2010 08:57:59,MLM0950,PC-9787,Disconnect
{J9A3-Z1ZA81JG-9279JPHK},08/24/2010 11:26:04,MLM0950,PC-9787,Connect
{R2J2-A2HR19YN-3968ZGIS},08/24/2010 11:39:24,MLM0950,PC-9787,Disconnect
{E0U0-I5FL39YG-9649ZSBO},08/25/2010 15:47:11,MLM0950,PC-9787,Connect
{F9Z2-F8JK60ZC-0222DAJU},08/25/2010 16:03:22,MLM0950,PC-9787,Disconnect
{K1R5-H3LL06WT-2391XWIS},08/26/2010 11:07:10,MLM0950,PC-9787,Connect
{X6H6-A6LM77MR-2417DXMA},08/26/2010 11:08:27,MLM0950,PC-9787,Disconnect
{Q7Y2-L9CU06CG-6424DKQQ},08/26/2010 14:16:56,MLM0950,PC-9787,Connect
{J9C8-C0PF59MQ-7175VTWZ},08/26/2010 14:37:34,MLM0950,PC-9787,Disconnect
{E6Z9-P3SZ07OF-2714TNGM},08/27/2010 08:40:36,MLM0950,PC-9787,Connect
{J3C9-D9DZ87WI-1536DHNI},08/27/2010 10:07:54,MLM0950,PC-9787,Disconnect
{H2C5-V1UA54KH-7802VFQT},08/27/2010 13:39:26,MLM0950,PC-9787,Connect
{V8P3-Z2WB14WA-6060NOCK},08/27/2010 13:44:18,MLM0950,PC-9787,Disconnect
{N5N4-Z2ZO51IB-7761XOLL},08/28/2010 13:01:10,MLM0950,PC-9787,Connect
{K1C9-A6JY53HL-0949LYQD},08/28/2010 13:04:28,MLM0950,PC-9787,Disconnect
{V0B2-Y2HQ79TW-9010INYM},08/28/2010 15:18:03,MLM0950,PC-9787,Connect
{L0V9-L1YG17ST-7232LVZI},08/28/2010 15:23:02,MLM0950,PC-9787,Disconnect
{U8E6-P7RR71PN-2065UMIP},08/28/2010 16:08:15,MLM0950,PC-9787,Connect
{Z4Z1-X2EI40FN-2212JKMT},08/28/2010 16:08:57,MLM0950,PC-9787,Disconnect
{Z6C5-N9UO48SK-2841LHIU},08/31/2010 07:18:05,MLM0950,PC-9787,Connect
{H1Z5-F8MQ92WW-1646MSWK},08/31/2010 07:25:22,MLM0950,PC-9787,Disconnect
{F8L6-V4MK76PL-0941EIPK},08/31/2010 08:54:53,MLM0950,PC-9787,Connect
{W0Q8-N9SC00SA-5576DEGK},08/31/2010 09:04:56,MLM0950,PC-9787,Disconnect
{D6B0-R0PV76MM-5802DBIO},08/31/2010 12:20:30,MLM0950,PC-9787,Connect
{I9G6-R7KN01EJ-1130IXTN},08/31/2010 12:24:44,MLM0950,PC-9787,Disconnect
{N9N3-W4XN05UG-8950AFXW},08/31/2010 15:54:36,MLM0950,PC-9787,Connect
{X3J0-A9AX47PT-4110WSDL},08/31/2010 16:06:42,MLM0950,PC-9787,Disconnect
{C3J4-F6BI48EH-0519SZTB},09/01/2010 08:59:08,MLM0950,PC-9787,Connect
{N9P7-K1HJ34VB-8846HNHR},09/01/2010 09:10:16,MLM0950,PC-9787,Disconnect
{Q2D5-M1JW08WV-5105GCYR},09/01/2010 13:19:14,MLM0950,PC-9787,Connect
{X6W6-H9KQ87CX-4333WNYK},09/01/2010 13:38:58,MLM0950,PC-9787,Disconnect
{W0K8-G5VQ85UN-7692UABK},09/01/2010 14:11:14,MLM0950,PC-9787,Connect
{M9S9-O8HW01KV-4368MVOL},09/01/2010 14:33:55,MLM0950,PC-9787,Disconnect
{H5O2-B1WT61JN-2684YMAT},09/02/2010 09:09:31,MLM0950,PC-9787,Connect
{V2D1-Q5YB82CU-9135SLET},09/02/2010 10:02:52,MLM0950,PC-9787,Disconnect
{G5H4-A5VA72PI-8173PYRG},09/02/2010 14:00:01,MLM0950,PC-9787,Connect
{L9B2-W2WT70HE-0003RGHS},09/02/2010 14:02:13,MLM0950,PC-9787,Disconnect
{A2H2-T6LM74DF-4281WSFZ},09/07/2010 07:54:22,MLM0950,PC-9787,Connect
{N1B0-B4GC79DM-6650WDYM},09/07/2010 08:35:27,MLM0950,PC-9787,Disconnect
{N6A0-G4QX61MO-3862IKJE},09/07/2010 12:26:47,MLM0950,PC-9787,Connect
{J4N5-D6UO49DG-5483DKSI},09/07/2010 12:43:30,MLM0950,PC-9787,Disconnect
{L9D2-I4HW05AF-9252MWMP},09/07/2010 15:44:05,MLM0950,PC-9787,Connect
{E0K3-Q9QD79PX-6548TQJM},09/07/2010 15:53:48,MLM0950,PC-9787,Disconnect
{H3T8-K1IC50FC-4162PWHN},09/08/2010 14:40:27,MLM0950,PC-9787,Connect
{I5V6-G2CZ46IU-9786YNQV},09/08/2010 15:26:01,MLM0950,PC-9787,Disconnect
{Y7E5-N0FF18DX-8787PRSU},09/09/2010 08:56:06,MLM0950,PC-9787,Connect
{H1A6-I5QL07VM-8697NRUP},09/09/2010 09:12:23,MLM0950,PC-9787,Disconnect
{I2W6-D4BU32DN-5934NEPM},09/10/2010 10:30:14,MLM0950,PC-9787,Connect
{Z1J1-Z2WD65QE-9380RZEN},09/10/2010 10:54:20,MLM0950,PC-9787,Disconnect
{O6M3-Z7KH37HU-0885PZOJ},09/10/2010 11:02:54,MLM0950,PC-9787,Connect
{M4G3-S7GY60ED-3526RACR},09/10/2010 11:22:03,MLM0950,PC-9787,Disconnect
{T6L1-F5NC77IC-8149WMZL},09/10/2010 11:55:21,MLM0950,PC-9787,Connect
{K2W0-D5LE34FE-9694LHQA},09/10/2010 12:11:53,MLM0950,PC-9787,Disconnect
{S5H0-U2DV90JK-8435GPVS},09/10/2010 13:03:35,MLM0950,PC-9787,Connect
{D4Z8-F6GP18CZ-3759JRNO},09/10/2010 13:20:44,MLM0950,PC-9787,Disconnect
{W9R8-L7PW94DY-3148IGTK},09/11/2010 09:31:00,MLM0950,PC-9787,Connect
{N2C3-P4YO26VL-1511DSKN},09/11/2010 09:33:39,MLM0950,PC-9787,Disconnect
{Q8E4-Q9IJ91HZ-0420UXGV},09/13/2010 11:45:07,MLM0950,PC-9787,Connect
{B9Z3-A0MJ79PI-6595KWMR},09/13/2010 12:28:03,MLM0950,PC-9787,Disconnect
{E2Q5-J8RG98DD-3456VNBF},09/13/2010 14:20:00,MLM0950,PC-9787,Connect
{T5E0-I0OS93KB-4403VUKS},09/13/2010 14:51:39,MLM0950,PC-9787,Disconnect
{Z8E5-P0XZ50XF-6724EXJG},09/14/2010 08:28:55,MLM0950,PC-9787,Connect
{R5B8-R3KJ32XD-7893DTYD},09/14/2010 08:31:12,MLM0950,PC-9787,Disconnect
{T5U0-H5QB01RM-5751TGSZ},09/15/2010 08:22:25,MLM0950,PC-9787,Connect
{O8L2-F4UK55LE-3049OFAG},09/15/2010 08:24:48,MLM0950,PC-9787,Disconnect
{Z3S3-S9AU52HQ-1785HSEK},09/15/2010 13:49:23,MLM0950,PC-9787,Connect
{I0T1-U4FK45ED-8365ZHJC},09/15/2010 13:52:19,MLM0950,PC-9787,Disconnect
{L3W7-W6AQ18ML-3391QKEV},09/15/2010 14:26:54,MLM0950,PC-9787,Connect
{O6A2-N7YA18VA-8095XSWN},09/15/2010 14:33:46,MLM0950,PC-9787,Disconnect
{I6K2-R5BC32FG-3235FDQC},09/16/2010 09:25:57,MLM0950,PC-9787,Connect
{Z4B9-X7MA41OV-0565TSVB},09/16/2010 09:45:43,MLM0950,PC-9787,Disconnect
{O0D9-X4SS83RO-3183MMTV},09/16/2010 12:57:00,MLM0950,PC-9787,Connect
{K2Y6-J3IZ76DB-1019OLCM},09/16/2010 13:04:25,MLM0950,PC-9787,Disconnect
{N7D2-J4PS56GL-5644GSAR},09/16/2010 14:47:19,MLM0950,PC-9787,Connect
{M2K8-U3LM64TK-6654BMCZ},09/16/2010 14:51:17,MLM0950,PC-9787,Disconnect
{K3U2-K9AR61HQ-4688LODL},09/17/2010 09:30:15,MLM0950,PC-9787,Connect
{A9F0-F1RJ54HN-1043JYIR},09/17/2010 14:09:09,MLM0950,PC-9787,Connect
{O9I5-B0JC87CT-2235KXHA},09/17/2010 14:36:35,MLM0950,PC-9787,Disconnect
{W1N3-U6KI44DR-5469RAIJ},09/19/2010 07:55:41,MLM0950,PC-9787,Connect
{F7D1-M9BT35VR-3313LAFF},09/19/2010 08:38:08,MLM0950,PC-9787,Disconnect
{Y3V6-D7VX70QR-5570NFWQ},09/19/2010 14:11:41,MLM0950,PC-9787,Connect
{J5L6-R3QC10MX-2162MYKL},09/19/2010 14:17:00,MLM0950,PC-9787,Disconnect
{Y0Y2-Q6KD75GF-9419ZRKI},09/19/2010 14:25:25,MLM0950,PC-9787,Connect
{A5X2-M6ED46WO-8499CDYF},09/19/2010 15:35:22,MLM0950,PC-9787,Disconnect
{V8R7-J0XW28TS-4112GCOY},09/20/2010 09:00:00,MLM0950,PC-9787,Connect
{Z1W4-W9OH10GO-9863ZRJO},09/20/2010 10:07:55,MLM0950,PC-9787,Disconnect
{H8N4-Q7QP15NW-4794ADHP},09/20/2010 11:25:32,MLM0950,PC-9787,Connect
{P4V3-J3HR50IX-6659CJIQ},09/20/2010 11:42:19,MLM0950,PC-9787,Disconnect
{J0Y1-Q6ZQ18XJ-7717KHMP},09/21/2010 10:06:15,MLM0950,PC-9787,Connect
{Z6G9-W8ZN89ZN-2158PXSW},09/21/2010 11:09:08,MLM0950,PC-9787,Disconnect
{V5W4-S7DB91NX-1865PRJB},09/21/2010 12:44:40,MLM0950,PC-9787,Connect
{P9F5-W8LV56GZ-7269RIRY},09/21/2010 13:03:56,MLM0950,PC-9787,Disconnect
{A0I2-J9HB14OP-1304NZCA},09/22/2010 09:00:11,MLM0950,PC-9787,Connect
{H2C2-S2RS56SY-2688YDIR},09/22/2010 09:14:04,MLM0950,PC-9787,Disconnect
{A9D9-X7CD15SA-8846ODXW},09/22/2010 14:54:44,MLM0950,PC-9787,Connect
{O1T4-Y2NU93CF-5599PUPJ},09/22/2010 16:00:51,MLM0950,PC-9787,Disconnect
{X1K3-K8IV37VB-2254UPVU},09/23/2010 12:59:03,MLM0950,PC-9787,Connect
{C6C7-Y4OP34SD-1309TIZP},09/23/2010 13:26:18,MLM0950,PC-9787,Disconnect
{Q0R3-R6LZ03ZX-9919WHVP},09/24/2010 10:39:52,MLM0950,PC-9787,Connect
{X4R2-U8FP36JU-6719CTRQ},09/24/2010 11:13:16,MLM0950,PC-9787,Disconnect
{M1B3-W2II97HU-2212LZLF},09/24/2010 12:02:27,MLM0950,PC-9787,Connect
{V6D0-L7OH63JJ-7983RVHL},09/24/2010 12:14:50,MLM0950,PC-9787,Disconnect
{I0Q1-E3XH19WD-9305LZAI},09/27/2010 08:06:06,MLM0950,PC-9787,Connect
{H2O9-J1GS35XI-3109VDVH},09/27/2010 08:14:49,MLM0950,PC-9787,Disconnect
{T2S8-Q8BC82US-8463TDSA},09/27/2010 08:55:04,MLM0950,PC-9787,Connect
{Z0U7-N3UB12DT-9289GKHA},09/27/2010 09:11:46,MLM0950,PC-9787,Disconnect
{X4K3-T9KX83QK-6567KGTY},09/28/2010 13:04:25,MLM0950,PC-9787,Connect
{C4T0-N5SO85CZ-8587BHZK},09/28/2010 13:26:55,MLM0950,PC-9787,Disconnect
{W2J7-Q2SV85AD-2680EYOA},09/29/2010 10:03:06,MLM0950,PC-9787,Connect
{N1N6-B1DB50XT-3610ABDZ},09/29/2010 10:31:56,MLM0950,PC-9787,Disconnect
{F8W9-M9FW51QO-0833DIBM},10/01/2010 12:42:31,MLM0950,PC-9787,Connect
{Q6N0-M3DR52JH-3218JPFN},10/01/2010 12:53:47,MLM0950,PC-9787,Disconnect
{U2L8-M7SH13QL-0349VZKC},10/01/2010 14:04:14,MLM0950,PC-9787,Connect
{F5P7-J5AS16PQ-5404URRS},10/01/2010 14:08:01,MLM0950,PC-9787,Disconnect
{F6Z3-N8BG19EE-7532MOIU},10/01/2010 14:09:05,MLM0950,PC-9787,Connect
{R9Q0-S2WD08WN-9115CSST},10/01/2010 14:24:02,MLM0950,PC-9787,Disconnect
{I6H1-F2VS66GG-8709LIDE},10/01/2010 14:27:46,MLM0950,PC-9787,Connect
{B0Q3-U2EJ81QW-3223KVLW},10/01/2010 14:29:09,MLM0950,PC-9787,Disconnect
{I8G8-C4CH65IO-2670CXPF},10/02/2010 12:11:28,MLM0950,PC-9787,Connect
{T4O6-D0FS78JP-9175SWHY},10/02/2010 12:16:07,MLM0950,PC-9787,Disconnect
{L3I2-F2SR33XU-2682KDDL},10/02/2010 12:31:57,MLM0950,PC-9787,Connect
{L8Y5-I6UD61WA-0587TLLM},10/02/2010 13:33:04,MLM0950,PC-9787,Disconnect
{H0R5-Q7MA11EQ-0727CFUK},10/02/2010 13:45:24,MLM0950,PC-9787,Connect
{J4Z4-U4LN36FB-9698JJDQ},10/02/2010 13:46:22,MLM0950,PC-9787,Disconnect
{H9Q8-M8ZM28FE-6970SVMJ},10/02/2010 13:50:11,MLM0950,PC-9787,Connect
{K8B8-H5DT42IR-4418KQNW},10/02/2010 14:13:35,MLM0950,PC-9787,Disconnect
{G1M3-F4OY14GB-4174SKYH},10/04/2010 14:49:04,MLM0950,PC-9787,Connect
{K4U3-O3MN99OS-2475QWOF},10/04/2010 14:53:44,MLM0950,PC-9787,Disconnect
{R6T7-B8YI89HB-7513QYBJ},10/04/2010 15:06:34,MLM0950,PC-9787,Connect
{V6E8-J7VZ38JF-2724HKSK},10/04/2010 15:48:11,MLM0950,PC-9787,Disconnect
{T8U1-L6XU52OA-9776VBVI},10/05/2010 13:10:12,MLM0950,PC-9787,Connect
{I7M2-Y1ED97LR-2952DZMK},10/05/2010 13:16:58,MLM0950,PC-9787,Disconnect
{P6R9-X5EP15FI-4486OOKL},10/06/2010 08:29:21,MLM0950,PC-9787,Connect
{B5O3-H0ZJ93CZ-1414WYLF},10/06/2010 08:39:54,MLM0950,PC-9787,Disconnect
{T0V9-I9VF68FB-6249TMEO},10/06/2010 13:42:16,MLM0950,PC-9787,Connect
{J3C0-I1YH78PT-2499DNHA},10/06/2010 15:21:45,MLM0950,PC-9787,Disconnect
{Y2H3-P8XR71PZ-7009XQCM},10/06/2010 15:22:20,MLM0950,PC-9787,Connect
{R6Y2-F5GC67BJ-9537UVTB},10/06/2010 15:45:14,MLM0950,PC-9787,Disconnect
{T3S3-Z6PV17IN-1502YSGM},10/07/2010 09:37:26,MLM0950,PC-9787,Connect
{T7M4-X2AF84VB-8682VACY},10/07/2010 09:48:36,MLM0950,PC-9787,Disconnect
{O5I5-A0XK59AZ-9966KVIV},10/08/2010 16:13:19,MLM0950,PC-9787,Connect
{G5D2-B4RB86NG-7620WBKX},10/08/2010 16:13:54,MLM0950,PC-9787,Disconnect
{N1F9-C3PC82TB-4183OXKR},10/08/2010 16:13:59,MLM0950,PC-9787,Connect
{P8Z0-C3MQ94YR-5633DZHI},10/08/2010 16:15:17,MLM0950,PC-9787,Disconnect
{W7S4-E3YQ47ZI-9122XRMJ},10/08/2010 16:18:02,MLM0950,PC-9787,Connect
{L4M9-P8UX82QM-5865NXSO},10/08/2010 16:18:46,MLM0950,PC-9787,Disconnect
{T1R0-J0VA91CU-0715RPGF},10/11/2010 07:08:29,MLM0950,PC-9787,Connect
{C7F0-W6TG20SV-5623MFXD},10/11/2010 07:31:18,MLM0950,PC-9787,Disconnect
{J8D4-G5EN38AX-0880MHFR},10/11/2010 09:08:49,MLM0950,PC-9787,Connect
{R1Z5-Q1AS65KK-5028EJIS},10/11/2010 09:11:33,MLM0950,PC-9787,Disconnect
{K3K7-E3XB51QK-3490XWRI},10/11/2010 14:45:43,MLM0950,PC-9787,Connect
{U5S0-C3NR53NI-5562JKCD},10/11/2010 15:51:32,MLM0950,PC-9787,Disconnect
{Z9L2-F4WQ63SS-4445EXFL},10/12/2010 07:23:50,MLM0950,PC-9787,Connect
{B6U4-G3AW65PA-2492SVIN},10/12/2010 07:29:34,MLM0950,PC-9787,Disconnect
{S3D2-Y1AT09GX-0343STQW},10/12/2010 08:03:51,MLM0950,PC-9787,Connect
{E3I8-R1CC73PD-5230GRWZ},10/12/2010 08:16:36,MLM0950,PC-9787,Disconnect
{S8D1-U7FH73LM-1130ESNE},10/12/2010 08:52:48,MLM0950,PC-9787,Connect
{C4N1-F8HI33EY-4295FFJI},10/12/2010 08:53:04,MLM0950,PC-9787,Disconnect
{G9G4-D4YR35UP-0094KXGZ},10/12/2010 09:09:40,MLM0950,PC-9787,Connect
{Z0D6-G3NZ31TS-6189OBYI},10/12/2010 09:30:55,MLM0950,PC-9787,Disconnect
{I0Z8-K0ZS76JI-7614CSPR},10/13/2010 08:45:06,MLM0950,PC-9787,Connect
{I0N2-J8PQ38DJ-7938GMOC},10/13/2010 09:28:59,MLM0950,PC-9787,Disconnect
{F4E8-P4YR11CU-9432UZUI},10/13/2010 15:13:36,MLM0950,PC-9787,Connect
{P8U1-G7HF88LG-5368BJVB},10/13/2010 15:24:02,MLM0950,PC-9787,Disconnect
{M9E1-N6LL89UH-3664NOKL},10/14/2010 13:07:58,MLM0950,PC-9787,Connect
{W7D7-X8XG52KB-3956LZVR},10/14/2010 13:31:41,MLM0950,PC-9787,Disconnect
{V7M7-U0UQ12WK-0490WBRN},10/14/2010 14:15:06,MLM0950,PC-9787,Connect
{Y4A1-A5WA11RH-9331JYIU},10/14/2010 15:49:09,MLM0950,PC-9787,Disconnect
{K6A3-R9MR61HK-9156HRLT},10/15/2010 13:08:48,MLM0950,PC-9787,Connect
{H1B9-F1XG58VT-1583XGAI},10/15/2010 14:13:13,MLM0950,PC-9787,Disconnect
{F0X1-Y0UV20SK-6086NJFV},10/16/2010 08:54:48,MLM0950,PC-9787,Connect
{U1P6-B0UW66JY-8081WKNA},10/16/2010 09:12:19,MLM0950,PC-9787,Disconnect
{O8E9-J3JT01VX-7733CFEB},10/16/2010 13:45:08,MLM0950,PC-9787,Connect
{Y5M2-S7EO25KH-5374NATC},10/16/2010 13:58:03,MLM0950,PC-9787,Disconnect
{B3R0-X0KG33PF-9736OQTM},10/18/2010 15:11:26,MLM0950,PC-9787,Connect
{J4Q3-G2GY35TR-3626UBXL},10/18/2010 15:27:17,MLM0950,PC-9787,Disconnect
{U2M9-I9IS76SS-2094CMDZ},10/19/2010 10:06:46,MLM0950,PC-9787,Connect
{H4C6-G8WF56KT-2457FOXD},10/19/2010 10:07:55,MLM0950,PC-9787,Disconnect
{V5L1-U0XK91LY-8574ABAD},10/19/2010 13:35:09,MLM0950,PC-9787,Connect
{N4V7-C9WN27QH-6336TTZY},10/19/2010 13:53:28,MLM0950,PC-9787,Disconnect
{C6W8-C7ID92TX-7692JHMT},10/19/2010 14:07:24,MLM0950,PC-9787,Connect
{G9D0-G0VX45VL-0759XNQX},10/19/2010 14:29:59,MLM0950,PC-9787,Disconnect
{F9J7-I0PY55PZ-7537MEUE},10/19/2010 14:53:30,MLM0950,PC-9787,Connect
{I7I4-Z2GL05UH-5051TQDN},10/19/2010 15:28:30,MLM0950,PC-9787,Disconnect
{D1X6-F8YD80AE-6609TBIE},10/20/2010 08:52:42,MLM0950,PC-9787,Connect
{I0U7-J4ME74OO-3797QZYA},10/20/2010 09:29:30,MLM0950,PC-9787,Disconnect
{T6P4-Y1IO45EY-8638NTBD},10/20/2010 10:35:19,MLM0950,PC-9787,Connect
{R4L9-V6CZ33AT-8898EQXW},10/20/2010 11:13:22,MLM0950,PC-9787,Disconnect
{I7Y1-P8KA95UW-8154AYUP},10/21/2010 10:15:51,MLM0950,PC-9787,Connect
{F5E9-P3GK61DH-4803RTKJ},10/21/2010 10:17:38,MLM0950,PC-9787,Disconnect
{I8L9-G1NX40LK-5974XKAF},10/21/2010 13:26:22,MLM0950,PC-9787,Connect
{S0F6-B3VA33HP-0434SVWA},10/21/2010 13:38:42,MLM0950,PC-9787,Disconnect
{V0K4-J4VR02EX-5244UHNT},10/21/2010 13:46:03,MLM0950,PC-9787,Connect
{D2E9-W5MZ73IL-4517WCHK},10/21/2010 13:49:33,MLM0950,PC-9787,Disconnect
{Q7J5-M4RO77SW-1185VDZB},10/21/2010 14:16:34,MLM0950,PC-9787,Connect
{W0Q3-I0TH85LP-0663QJFG},10/21/2010 14:23:04,MLM0950,PC-9787,Disconnect
{F5D1-L4ND31IY-8611ZCWI},10/21/2010 14:49:05,MLM0950,PC-9787,Connect
{X2Q1-F4MF05DR-4368PZLH},10/21/2010 15:03:43,MLM0950,PC-9787,Disconnect
{V3H9-C0MT76CH-2778SEXP},10/22/2010 10:38:33,MLM0950,PC-9787,Connect
{T6G8-E1BZ79PP-5801QUCR},10/22/2010 11:23:17,MLM0950,PC-9787,Disconnect
{V4O3-W1LD37MG-4108ZYXL},10/22/2010 13:31:55,MLM0950,PC-9787,Connect
{E2A8-U6GT80ZI-2761MLRW},10/22/2010 14:57:02,MLM0950,PC-9787,Disconnect
{W2V4-G2FV61EI-2122LTIF},10/23/2010 11:23:37,MLM0950,PC-9787,Connect
{Y1E3-K7HG37AC-7445GXOI},10/23/2010 12:19:41,MLM0950,PC-9787,Disconnect
{D6V1-D0OV99ZG-0806RPIB},10/23/2010 13:48:42,MLM0950,PC-9787,Connect
{U7A7-T1GW05ZI-4089CLKA},10/23/2010 14:19:07,MLM0950,PC-9787,Disconnect
{D9H4-U1YT03TF-3306DIAI},10/24/2010 09:30:27,MLM0950,PC-9787,Connect
{O7A3-Z5EV34AF-2270JMAF},10/24/2010 09:30:44,MLM0950,PC-9787,Disconnect
{Q0V1-Q2IV14GB-3482VKTK},10/24/2010 14:16:03,MLM0950,PC-9787,Connect
{H8I2-V0VZ58ZH-3051IAMC},10/24/2010 15:18:30,MLM0950,PC-9787,Disconnect
{T3G1-C2RD44IG-6664LZXC},10/24/2010 15:25:08,MLM0950,PC-9787,Connect
{U2N2-S4QZ33PO-2101PLYJ},10/24/2010 15:26:42,MLM0950,PC-9787,Disconnect
{L3H3-R7QP59FK-3917BMSQ},10/25/2010 12:50:00,MLM0950,PC-9787,Connect
{L8D1-I9QO56GP-6404MWXG},10/25/2010 13:19:01,MLM0950,PC-9787,Disconnect
{G2G6-C7MV94VM-2819XYBO},10/25/2010 15:13:02,MLM0950,PC-9787,Connect
{I0J5-U0NE62HK-4411PXDA},10/25/2010 15:46:33,MLM0950,PC-9787,Disconnect
{Y4F6-R1DQ64XE-8167KUUL},10/26/2010 14:16:27,MLM0950,PC-9787,Connect
{D1H5-M0TH29VI-1518JJDQ},10/26/2010 14:57:35,MLM0950,PC-9787,Disconnect
{Z3C1-M7KB24CQ-1985ZOBB},10/26/2010 15:11:27,MLM0950,PC-9787,Connect
{Q0S9-T6SQ14SQ-7579AZEL},10/26/2010 15:50:37,MLM0950,PC-9787,Disconnect
{F8O2-X5VW91FS-9474BBQN},10/27/2010 08:49:11,MLM0950,PC-9787,Connect
{T9X0-S8CU52CT-0942EZNJ},10/27/2010 09:17:25,MLM0950,PC-9787,Disconnect
{U2O8-L1ZD88LK-8855PBWD},10/27/2010 14:41:17,MLM0950,PC-9787,Connect
{E0W0-O3AI53WA-1177JTQW},10/27/2010 14:54:06,MLM0950,PC-9787,Disconnect
{S6Y1-R3KY05JP-9844SCZL},10/28/2010 07:25:27,MLM0950,PC-9787,Connect
{U8V5-S5XN18OL-1678UXVY},10/28/2010 07:45:58,MLM0950,PC-9787,Disconnect
{E5B1-N9EQ99BB-4685ALFI},10/28/2010 08:57:37,MLM0950,PC-9787,Connect
{V9E2-I8AJ99KG-4550PCXQ},10/28/2010 09:03:07,MLM0950,PC-9787,Disconnect
{W3I7-S8FP12HB-2039XSYD},10/28/2010 13:38:55,MLM0950,PC-9787,Connect
{K1X5-W8QW23MR-1418MYJV},10/28/2010 13:48:05,MLM0950,PC-9787,Disconnect
{B6D6-X8YC95BU-5158ZMGA},10/29/2010 12:21:46,MLM0950,PC-9787,Connect
{Q1P4-Y5IH38FA-5131HMWZ},10/29/2010 12:39:58,MLM0950,PC-9787,Disconnect
{L2S1-U2EV89IG-6497LDTW},10/30/2010 09:35:36,MLM0950,PC-9787,Connect
{C8W4-F4VG20DV-9805DZBZ},10/30/2010 10:12:47,MLM0950,PC-9787,Disconnect
{Z7J0-U6LW27TE-3344PBEJ},10/30/2010 14:29:02,MLM0950,PC-9787,Connect
{E3U2-W3CV42BG-1468SFKI},10/30/2010 14:47:29,MLM0950,PC-9787,Disconnect
{Z3H5-F0RN05JJ-9581CUQD},10/31/2010 10:50:13,MLM0950,PC-9787,Connect
{Y6W6-L8UE03LI-8846NXFL},10/31/2010 10:57:25,MLM0950,PC-9787,Disconnect
{P1X1-Z5NH48GP-1486RXLZ},10/31/2010 15:07:49,MLM0950,PC-9787,Connect
{K3F6-Z4NL06EF-9538UCQI},10/31/2010 15:15:07,MLM0950,PC-9787,Disconnect
{D5W5-O1XL81HR-6870JJCT},10/31/2010 15:28:37,MLM0950,PC-9787,Connect
{V2H2-O7SU57GY-5741INJC},10/31/2010 15:43:12,MLM0950,PC-9787,Disconnect
{L2N7-Z0BB76TF-6076DHCZ},11/01/2010 07:55:13,MLM0950,PC-9787,Connect
{X1H8-C0FX92FP-1674SWYB},11/01/2010 08:28:03,MLM0950,PC-9787,Disconnect
{I2R3-K0OL27JR-4504QNMG},11/01/2010 09:51:09,MLM0950,PC-9787,Connect
{J8H5-B2YE56NL-3389BZIS},11/01/2010 10:37:18,MLM0950,PC-9787,Disconnect
{F5C4-O8KQ69ZS-6454MDJC},11/02/2010 15:47:23,MLM0950,PC-9787,Connect
{Q5I1-W3XH18UX-3229KOQT},11/02/2010 15:56:39,MLM0950,PC-9787,Disconnect
{N6Q6-X7PD58PM-4868ZRKX},11/03/2010 08:23:20,MLM0950,PC-9787,Connect
{V9B4-I8LD96BE-5423RXLI},11/03/2010 09:04:45,MLM0950,PC-9787,Disconnect
{L8Z0-R0ZW22SA-5709QJDL},11/03/2010 10:34:02,MLM0950,PC-9787,Connect
{I3R9-C9KT43GT-9103DUEW},11/03/2010 11:06:05,MLM0950,PC-9787,Disconnect
{D1I5-B7BD68UW-7104ZWUZ},11/03/2010 11:57:27,MLM0950,PC-9787,Connect
{S5B1-S1RS80AM-1076LHOX},11/03/2010 13:55:39,MLM0950,PC-9787,Disconnect
{X1B9-E2HD11PM-1383JCVF},11/04/2010 14:05:40,MLM0950,PC-9787,Connect
{I4F8-S4XQ82HS-4421OHNY},11/04/2010 14:05:49,MLM0950,PC-9787,Disconnect
{R2E4-C0DX48UO-1048BOOH},11/04/2010 14:07:36,MLM0950,PC-9787,Connect
{V2S6-G5PG95GV-7164CLYY},11/04/2010 14:09:48,MLM0950,PC-9787,Disconnect
{A2O4-I5SK39TP-9807KKZQ},11/04/2010 14:10:21,MLM0950,PC-9787,Connect
{Z3A1-I4EN42IP-8477VOWX},11/04/2010 14:10:23,MLM0950,PC-9787,Disconnect
{T1O3-V0QH80GZ-0655YDJC},11/04/2010 14:11:20,MLM0950,PC-9787,Connect
{P0Y8-A3LP02GE-4802PPYS},11/04/2010 14:11:55,MLM0950,PC-9787,Disconnect
{J1D5-R0RY93IH-8339EECD},11/05/2010 12:18:33,MLM0950,PC-9787,Connect
{D9O0-L2JI94GE-1907BPBI},11/05/2010 12:21:01,MLM0950,PC-9787,Disconnect
{Z9G1-I1LA92QR-1611YAYE},11/05/2010 15:32:20,MLM0950,PC-9787,Connect
{P3W2-V0OW93WJ-3471YLJX},11/05/2010 16:10:50,MLM0950,PC-9787,Disconnect
{W6R8-J5XW29EF-0617IGVA},11/07/2010 09:24:51,MLM0950,PC-9787,Connect
{Y1R1-M8GY82GG-9673KUMF},11/07/2010 09:48:19,MLM0950,PC-9787,Disconnect
{Y9Z0-T6GB34ZL-6501QIWX},11/08/2010 12:37:37,MLM0950,PC-9787,Connect
{H8I0-E0TU78RI-5901VMIH},11/08/2010 13:36:47,MLM0950,PC-9787,Disconnect
{I3Y6-D3VI04XE-4463BKPR},11/08/2010 15:01:37,MLM0950,PC-9787,Connect
{O5W9-Q4WU22NC-1731VRFK},11/08/2010 15:30:54,MLM0950,PC-9787,Disconnect
{P1Y8-A0ZN30PI-9126JZIW},11/09/2010 12:36:17,MLM0950,PC-9787,Connect
{H1H7-D0RM85IR-6849JRBN},11/09/2010 13:27:11,MLM0950,PC-9787,Disconnect
{K8I2-J8KF41ON-7594RSMC},11/09/2010 14:11:27,MLM0950,PC-9787,Connect
{W2W1-P7BO54JY-4405YLNF},11/09/2010 14:48:05,MLM0950,PC-9787,Disconnect
{I1Z7-M3LI85VF-9205FXPH},11/10/2010 12:53:05,MLM0950,PC-9787,Connect
{C5T9-N7SJ53MZ-1634FTBB},11/10/2010 13:35:49,MLM0950,PC-9787,Disconnect
{L3E7-S1SV73TL-5712KUIK},11/10/2010 14:59:29,MLM0950,PC-9787,Connect
{X0D4-L6UE76DH-9468IDWP},11/10/2010 15:13:07,MLM0950,PC-9787,Disconnect
{D0E2-O7XL59UR-9815YWAW},11/11/2010 09:14:05,MLM0950,PC-9787,Connect
{F7H7-X0VP69CN-2288EYXP},11/11/2010 10:25:30,MLM0950,PC-9787,Disconnect
{R4X0-X9GV22GN-0781LYBR},11/11/2010 14:12:02,MLM0950,PC-9787,Connect
{H8V1-W5AB45SQ-1471TPXL},11/11/2010 14:13:52,MLM0950,PC-9787,Disconnect
{G5Z8-J0JA20HK-0437CCLJ},11/12/2010 11:34:02,MLM0950,PC-9787,Connect
{I6O5-A4QG69XD-1795ZEHU},11/12/2010 11:44:05,MLM0950,PC-9787,Disconnect
{Q4V5-N3RN79TI-0347LALO},11/12/2010 13:29:59,MLM0950,PC-9787,Connect
{E5J2-R6ZL18ZU-8617FKOM},11/12/2010 14:40:27,MLM0950,PC-9787,Disconnect
{M3G5-Y7YY42MK-7942XNYN},11/15/2010 07:36:49,MLM0950,PC-9787,Connect
{R5V4-B6HR27XV-0347JAZT},11/15/2010 08:11:21,MLM0950,PC-9787,Disconnect
{Q2X4-U3EF66WA-3459OEMH},11/15/2010 10:54:09,MLM0950,PC-9787,Connect
{E3M0-Q1SQ15IA-5330DDLN},11/15/2010 11:25:07,MLM0950,PC-9787,Disconnect
{D3X8-D8DI01QI-3410QAKS},11/15/2010 15:08:35,MLM0950,PC-9787,Connect
{H7C6-Y2FZ15UC-3007HJKZ},11/15/2010 15:12:53,MLM0950,PC-9787,Disconnect
{X8P9-S3SY18NC-2288DNBC},11/16/2010 09:23:04,MLM0950,PC-9787,Connect
{R2X2-X7UU91KZ-7625AMQY},11/16/2010 09:46:55,MLM0950,PC-9787,Disconnect
{W1K5-U3KF73NK-9566COTM},11/16/2010 11:48:41,MLM0950,PC-9787,Connect
{O9U7-X5ZG19WX-6266MEWE},11/16/2010 11:49:49,MLM0950,PC-9787,Disconnect
{R8D5-R5MN97FR-5985PGTN},11/17/2010 08:15:41,MLM0950,PC-9787,Connect
{Z8Y3-Z7FC03LZ-4699UDMT},11/17/2010 09:28:50,MLM0950,PC-9787,Disconnect
{G6F1-U4DT60NT-6740MLQT},11/17/2010 14:43:44,MLM0950,PC-9787,Connect
{P7V9-Q1NB48DL-5532QAFQ},11/17/2010 15:25:27,MLM0950,PC-9787,Disconnect
{L9J8-M5LU28MX-8967XPUG},11/18/2010 08:22:23,MLM0950,PC-9787,Connect
{N4U1-F4ST35PP-5030JOYT},11/18/2010 08:36:23,MLM0950,PC-9787,Disconnect
{G0R4-K9BP74EH-6998FQGL},11/18/2010 14:15:48,MLM0950,PC-9787,Connect
{V0L1-N6KG60MZ-8473UUHX},11/18/2010 15:24:17,MLM0950,PC-9787,Disconnect
{I5I1-U2OJ07HH-8032IFWK},11/19/2010 09:34:56,MLM0950,PC-9787,Connect
{V0K5-T1YI94DQ-2989ZCIT},11/19/2010 10:18:52,MLM0950,PC-9787,Disconnect
{F4G0-E9UF05YP-7522OXQG},11/19/2010 15:25:47,MLM0950,PC-9787,Connect
{W6D9-L6LK89ID-3720UQYP},11/19/2010 15:55:20,MLM0950,PC-9787,Disconnect
{O7P0-D4QF52OJ-8481BOTN},11/22/2010 10:13:59,MLM0950,PC-9787,Connect
{R1O8-V4KP50WL-3596CWGA},11/22/2010 10:36:50,MLM0950,PC-9787,Disconnect
{A6G7-K9KO90YX-9474HFYL},11/22/2010 13:13:09,MLM0950,PC-9787,Connect
{H1C3-L5VH59OC-3880WGEK},11/22/2010 13:15:44,MLM0950,PC-9787,Disconnect
{N2P5-H3AI62QL-1321DZLX},11/22/2010 14:28:48,MLM0950,PC-9787,Connect
{E6I5-A9TF60XB-5942CXKL},11/22/2010 14:33:57,MLM0950,PC-9787,Disconnect
{V7J8-H6ZL25OY-1968GOLQ},11/22/2010 14:47:54,MLM0950,PC-9787,Connect
{S3B7-Q8QZ29MU-2375AZYV},11/22/2010 15:14:18,MLM0950,PC-9787,Disconnect
{S3G0-G1RK21MG-0115PYZY},11/23/2010 08:04:44,MLM0950,PC-9787,Connect
{A3T4-F5BX60PM-1541ADTJ},11/23/2010 08:37:30,MLM0950,PC-9787,Disconnect
{B7I9-V1FN68YH-6480ZMRH},11/28/2010 07:11:37,MLM0950,PC-9787,Connect
{C9N9-E9PD52JI-2143LHQX},11/28/2010 07:46:04,MLM0950,PC-9787,Disconnect
{N8J5-F6YV16TR-3223GVLH},11/28/2010 11:30:34,MLM0950,PC-9787,Connect
{C3V4-M7YO91YT-0206NWTV},11/28/2010 11:38:34,MLM0950,PC-9787,Disconnect
{Q7S3-O2GS44NH-6178KLJL},11/29/2010 08:38:26,MLM0950,PC-9787,Connect
{Y6Y6-O7WF10CS-6589JSGC},11/29/2010 08:42:23,MLM0950,PC-9787,Disconnect
{Q2A5-G5KO01LW-7733VSTQ},11/29/2010 09:32:40,MLM0950,PC-9787,Connect
{C9F8-B3VY92HJ-4563OHEL},11/29/2010 10:04:03,MLM0950,PC-9787,Disconnect
{O1S4-I4AX99NX-7062IAFJ},11/29/2010 12:41:09,MLM0950,PC-9787,Connect
{I7G3-P6YW51NS-4957JTPW},11/29/2010 12:50:17,MLM0950,PC-9787,Disconnect
{E3D6-F1DT03CA-8974HDBL},11/30/2010 13:12:15,MLM0950,PC-9787,Connect
{X7I3-V5XQ74MV-1761TDTM},11/30/2010 13:45:18,MLM0950,PC-9787,Disconnect
{Q4E0-C1YU42JO-6813GBPO},11/30/2010 15:43:48,MLM0950,PC-9787,Connect
{X1F2-A3DB20HO-4380FXHN},11/30/2010 15:55:13,MLM0950,PC-9787,Disconnect
{R5B3-I7UY80GY-9522QJKH},12/01/2010 08:42:18,MLM0950,PC-9787,Connect
{F8A8-B5OL10VE-0670EJSV},12/01/2010 09:46:31,MLM0950,PC-9787,Disconnect
{Y8Y5-G7CF89OP-0574JCWS},12/01/2010 10:14:25,MLM0950,PC-9787,Connect
{X3W7-L7OW13QP-0993ENNO},12/01/2010 10:50:56,MLM0950,PC-9787,Disconnect
{U9O9-H1EE74OE-9650UGNF},12/01/2010 12:38:28,MLM0950,PC-9787,Connect
{F8G9-X6MI09AA-9989LYCJ},12/01/2010 13:52:28,MLM0950,PC-9787,Disconnect
{P6D3-G6PI68JV-2256LXNG},12/02/2010 08:22:50,MLM0950,PC-9787,Connect
{T0N4-G4DH74CV-4662BYRB},12/02/2010 08:38:07,MLM0950,PC-9787,Disconnect
{J8R5-U0SB29YX-2702IZAO},12/02/2010 11:08:44,MLM0950,PC-9787,Connect
{Y4F5-Y2YV17VX-5286GUEH},12/02/2010 11:34:38,MLM0950,PC-9787,Disconnect
{V8G5-V4EK78DE-1005WYJA},12/03/2010 08:03:01,MLM0950,PC-9787,Connect
{Z5P4-V8SH15GR-8180JROB},12/03/2010 08:08:28,MLM0950,PC-9787,Disconnect
{N7M5-U9HS69YI-8635ZFFG},12/03/2010 11:51:49,MLM0950,PC-9787,Connect
{L3H2-K0DF95RA-6948PDTK},12/03/2010 11:59:39,MLM0950,PC-9787,Disconnect
{Y3O5-X0NX29GA-5787OOSH},12/03/2010 15:45:01,MLM0950,PC-9787,Connect
{D8I6-M9RU69ZK-7971LOFQ},12/03/2010 15:52:23,MLM0950,PC-9787,Disconnect
{Z1H0-U8RB97FH-9382BMVE},12/04/2010 14:27:08,MLM0950,PC-9787,Connect
{J9K5-M5QL27UD-9572HUMR},12/04/2010 15:04:29,MLM0950,PC-9787,Disconnect
{X2H0-S9QG06NB-7427VZTK},12/04/2010 15:16:47,MLM0950,PC-9787,Connect
{I9I0-C7QX26JJ-4314KSBJ},12/04/2010 15:52:47,MLM0950,PC-9787,Disconnect
{U0F3-D2ZZ44FF-0739RCVI},12/06/2010 07:17:47,MLM0950,PC-9787,Connect
{R2Z7-T1OW18FJ-9459LSQA},12/06/2010 07:39:03,MLM0950,PC-9787,Disconnect
{M4A8-O2JJ96YE-2631ECFQ},12/06/2010 08:25:23,MLM0950,PC-9787,Connect
{D5V5-R3CK80GQ-0632ZFBM},12/06/2010 09:24:02,MLM0950,PC-9787,Disconnect
{R6H4-Y0DK03XL-0772UZHY},12/06/2010 12:15:37,MLM0950,PC-9787,Connect
{S3P8-F4UH66TE-1956XDDS},12/06/2010 13:16:01,MLM0950,PC-9787,Disconnect
{D5H0-V3XF35BV-5086LJGX},12/07/2010 08:31:13,MLM0950,PC-9787,Connect
{X9X2-P6AU58NG-0299MMAJ},12/07/2010 08:49:48,MLM0950,PC-9787,Disconnect
{R4E0-F0SL46HQ-5132FMYA},12/07/2010 14:09:34,MLM0950,PC-9787,Connect
{L4D6-X1WV83VP-4109SICB},12/07/2010 14:19:59,MLM0950,PC-9787,Disconnect
{N8Z9-J2SW43SL-3545KUQI},12/08/2010 07:26:03,MLM0950,PC-9787,Connect
{B2B7-L2DB65HR-2099PLFX},12/08/2010 07:51:21,MLM0950,PC-9787,Disconnect
{K8Z5-S5WJ90HI-8635KEGD},12/08/2010 07:57:15,MLM0950,PC-9787,Connect
{C6O8-Y3RL19NV-7587VSMF},12/08/2010 08:15:05,MLM0950,PC-9787,Disconnect
{L0O5-Q6PE91NK-6272OZLX},12/09/2010 07:23:03,MLM0950,PC-9787,Connect
{G6I1-B2GJ63IN-4508BKBD},12/09/2010 07:33:00,MLM0950,PC-9787,Disconnect
{W5Y7-N2EY08PF-7263JHVX},12/09/2010 08:27:34,MLM0950,PC-9787,Connect
{D2P0-A5OQ70QF-6528OJIX},12/09/2010 08:32:25,MLM0950,PC-9787,Disconnect
{T0L2-D8FP84UB-1415ZJOV},12/09/2010 13:13:27,MLM0950,PC-9787,Connect
{H3E0-A7FT95YE-3287CRNX},12/09/2010 13:15:12,MLM0950,PC-9787,Disconnect
{R0M2-X1TJ04TR-1920JNYO},12/10/2010 13:09:41,MLM0950,PC-9787,Connect
{O1K1-J9YI19YE-2652XWMU},12/10/2010 13:18:27,MLM0950,PC-9787,Disconnect
{B1V1-D9DX82CX-6772MUIT},12/10/2010 15:03:44,MLM0950,PC-9787,Connect
{T7Y0-R8UF92NI-0887FNXK},12/10/2010 15:05:49,MLM0950,PC-9787,Disconnect
{Y6E6-B0AZ54TK-5910UQBS},12/13/2010 12:41:35,MLM0950,PC-9787,Connect
{F0S6-S9ID71FW-2981JVIF},12/13/2010 12:41:46,MLM0950,PC-9787,Disconnect
{R8R1-I7LK00HO-5747GDHM},12/13/2010 12:46:13,MLM0950,PC-9787,Connect
{V5W3-X2QV52OP-2431TRWI},12/13/2010 12:50:58,MLM0950,PC-9787,Disconnect
{B9Y4-Y2FW92LZ-5264SMEY},12/14/2010 08:34:52,MLM0950,PC-9787,Connect
{H0W1-P7JH91MG-9031YNOQ},12/14/2010 08:37:21,MLM0950,PC-9787,Disconnect
{J3E8-N8YV87CU-6166QUAL},12/14/2010 13:52:59,MLM0950,PC-9787,Connect
{V9I9-K1KM65HU-9597MAJJ},12/14/2010 14:03:16,MLM0950,PC-9787,Disconnect
{X9F3-V1LJ46LY-9877HCPK},12/14/2010 14:17:11,MLM0950,PC-9787,Connect
{M4I6-H3CL56KM-3861QTQV},12/14/2010 14:19:05,MLM0950,PC-9787,Disconnect
{X6F6-C6LG64KT-4009AQBW},12/15/2010 10:27:23,MLM0950,PC-9787,Connect
{E4M2-G9IB84HF-1409MXII},12/15/2010 11:39:22,MLM0950,PC-9787,Disconnect
